"B","18-09-2019","1","0001","99","B105","00000025",,,," ","05","DIESEL PRO B5",4.21,10.08,11.89,42.37,7.63,50,,,,,,,"GLL",
"B",16-09-2019,"1","0001","99","B101","00019927",,,," ","02","GASOHOL 90",0.4,10.65,12.57,4.24,0.76,5,,,,,,,"GLL",
"B",16-09-2019,"1","0001","99","B101","00019928",,,," ","02","GASOHOL 90",0.4,10.65,12.57,4.24,0.76,5,,,,,,,"GLL",
"B",16-09-2019,"1","0001","99","B101","00019929",,,," ","05","DIESEL PRO B5",16.82,10.08,11.89,169.49,30.51,200,,,,,,,"GLL",
"B",16-09-2019,"1","0001","99","B101","00019930",,,," ","05","DIESEL PRO B5",2.52,10.08,11.89,25.42,4.58,30,,,,,,,"GLL",
"B",16-09-2019,"1","0001","99","B101","00019931",,,," ","05","DIESEL PRO B5",4.21,10.08,11.89,42.37,7.63,50,,,,,,,"GLL",
"B",16-09-2019,"1","0001","99","B101","00019932",,,," ","02","GASOHOL 90",0.4,10.65,12.57,4.24,0.76,5,,,,,,,"GLL",
"B",16-09-2019,"1","0001","99","B101","00019933",,,," ","05","DIESEL PRO B5",4.21,10.08,11.89,42.37,7.63,50,,,,,,,"GLL",
"B",16-09-2019,"1","0001","99","B101","00019934",,,," ","02","GASOHOL 90",0.4,10.65,12.57,4.24,0.76,5,,,,,,,"GLL",
"B",16-09-2019,"1","0001","99","B101","00019935",,,," ","03","GASOHOL 95",3.69,11.50,13.57,42.37,7.63,50,,,,,,,"GLL",
"B",16-09-2019,"1","0001","99","B101","00019936",,,," ","02","GASOHOL 90",0.48,10.65,12.57,5.08,0.92,6,,,,,,,"GLL",
"B",16-09-2019,"1","0001","99","B101","00019937",,,," ","05","DIESEL PRO B5",1.68,10.08,11.89,16.95,3.05,20,,,,,,,"GLL",
"B",16-09-2019,"1","0001","99","B101","00019938",,,," ","02","GASOHOL 90",2.39,10.65,12.57,25.42,4.58,30,,,,,,,"GLL",
"B",16-09-2019,"1","0001","99","B101","00019939",,,," ","02","GASOHOL 90",0.24,10.65,12.57,2.54,0.46,3,,,,,,,"GLL",
"B",16-09-2019,"1","0001","99","B101","00019940",,,," ","02","GASOHOL 90",0.8,10.65,12.57,8.47,1.53,10,,,,,,,"GLL",
"B",16-09-2019,"1","0001","99","B101","00019941",,,," ","05","DIESEL PRO B5",16.82,10.08,11.89,169.49,30.51,200,,,,,,,"GLL",
"B",16-09-2019,"1","0001","99","B101","00019942",,,," ","05","DIESEL PRO B5",4.21,10.08,11.89,42.37,7.63,50,,,,,,,"GLL",
"B",16-09-2019,"1","0001","99","B101","00019943",,,," ","02","GASOHOL 90",0.8,10.65,12.57,8.47,1.53,10,,,,,,,"GLL",
"B",16-09-2019,"1","0001","99","B101","00019944",,,," ","02","GASOHOL 90",0.48,10.65,12.57,5.08,0.92,6,,,,,,,"GLL",
"B",16-09-2019,"1","0001","99","B101","00019945",,,," ","02","GASOHOL 90",0.4,10.65,12.57,4.24,0.76,5,,,,,,,"GLL",
"B",16-09-2019,"1","0001","99","B101","00019946",,,," ","02","GASOHOL 90",0.8,10.65,12.57,8.47,1.53,10,,,,,,,"GLL",
"B",16-09-2019,"1","0001","99","B101","00019947",,,," ","02","GASOHOL 90",1.19,10.65,12.57,12.71,2.29,15,,,,,,,"GLL",
"B",16-09-2019,"1","0001","99","B101","00019948",,,," ","05","DIESEL PRO B5",2.1,10.08,11.89,21.19,3.81,25,,,,,,,"GLL",
"B",16-09-2019,"1","0001","99","B101","00019949",,,," ","03","GASOHOL 95",2.21,11.50,13.57,25.42,4.58,30,,,,,,,"GLL",
"B",16-09-2019,"1","0001","99","B101","00019950",,,," ","02","GASOHOL 90",5,10.65,12.57,53.26,9.59,62.85,,,,,,,"GLL",
"B",16-09-2019,"1","0001","99","B101","00019951",,,," ","05","DIESEL PRO B5",5.89,10.08,11.89,59.32,10.68,70,,,,,,,"GLL",
"B",16-09-2019,"1","0001","99","B101","00019952",,,," ","05","DIESEL PRO B5",1.68,10.08,11.89,16.95,3.05,20,,,,,,,"GLL",
"B",16-09-2019,"1","0001","99","B101","00019953",,,," ","05","DIESEL PRO B5",2.52,10.08,11.89,25.42,4.58,30,,,,,,,"GLL",
"B",16-09-2019,"1","0001","99","B101","00019954",,,," ","02","GASOHOL 90",4,10.65,12.57,42.61,7.67,50.28,,,,,,,"GLL",
"B",16-09-2019,"1","0001","99","B101","00019955",,,," ","02","GASOHOL 90",0.72,10.65,12.57,7.63,1.37,9,,,,,,,"GLL",
"B",16-09-2019,"1","0001","99","B101","00019956",,,," ","05","DIESEL PRO B5",3.36,10.08,11.89,33.90,6.10,40,,,,,,,"GLL",
"B",16-09-2019,"1","0001","99","B101","00019957",,,," ","02","GASOHOL 90",0.8,10.65,12.57,8.47,1.53,10,,,,,,,"GLL",
"B",16-09-2019,"1","0001","99","B101","00019958",,,," ","02","GASOHOL 90",6.13,10.65,12.57,65.31,11.76,77.07,,,,,,,"GLL",
"B",16-09-2019,"1","0001","99","B101","00019959",,,," ","05","DIESEL PRO B5",0.67,10.08,11.89,6.78,1.22,8,,,,,,,"GLL",
"B",16-09-2019,"1","0001","99","B101","00019960",,,," ","02","GASOHOL 90",0.48,10.65,12.57,5.08,0.92,6,,,,,,,"GLL",
"B",16-09-2019,"1","0001","99","B101","00019961",,,," ","03","GASOHOL 95",2.95,11.50,13.57,33.90,6.10,40,,,,,,,"GLL",
"B",16-09-2019,"1","0001","99","B101","00019962",,,," ","02","GASOHOL 90",0.4,10.65,12.57,4.24,0.76,5,,,,,,,"GLL",
"B",16-09-2019,"1","0001","99","B101","00019963",,,," ","02","GASOHOL 90",1.59,10.65,12.57,16.95,3.05,20,,,,,,,"GLL",
"B",16-09-2019,"1","0001","99","B101","00019964",,,," ","02","GASOHOL 90",0.8,10.65,12.57,8.47,1.53,10,,,,,,,"GLL",
"B",16-09-2019,"1","0001","99","B101","00019965",,,," ","03","GASOHOL 95",0.74,11.50,13.57,8.47,1.53,10,,,,,,,"GLL",
"B",16-09-2019,"1","0001","99","B101","00019966",,,," ","05","DIESEL PRO B5",3.36,10.08,11.89,33.90,6.10,40,,,,,,,"GLL",
"B",16-09-2019,"1","0001","99","B101","00019967",,,," ","02","GASOHOL 90",0.8,10.65,12.57,8.47,1.53,10,,,,,,,"GLL",
"B",16-09-2019,"1","0001","99","B101","00019968",,,," ","05","DIESEL PRO B5",3.36,10.08,11.89,33.90,6.10,40,,,,,,,"GLL",
"B",16-09-2019,"1","0001","99","B101","00019969",,,," ","05","DIESEL PRO B5",2.52,10.08,11.89,25.42,4.58,30,,,,,,,"GLL",
"B",16-09-2019,"1","0001","99","B101","00019970",,,," ","02","GASOHOL 90",0.4,10.65,12.57,4.24,0.76,5,,,,,,,"GLL",
"B",16-09-2019,"1","0001","99","B101","00019971",,,," ","02","GASOHOL 90",1,10.65,12.57,10.65,1.92,12.57,,,,,,,"GLL",
"B",16-09-2019,"1","0001","99","B101","00019972",,,," ","05","DIESEL PRO B5",0.26,10.08,11.89,2.57,0.46,3.03,,,,,,,"GLL",
"B",16-09-2019,"1","0001","99","B101","00019973",,,," ","05","DIESEL PRO B5",3.36,10.08,11.89,33.90,6.10,40,,,,,,,"GLL",
"B",16-09-2019,"1","0001","99","B101","00019974",,,," ","05","DIESEL PRO B5",3.36,10.08,11.89,33.90,6.10,40,,,,,,,"GLL",
"B",16-09-2019,"1","0001","99","B101","00019975",,,," ","03","GASOHOL 95",2.21,11.50,13.57,25.42,4.58,30,,,,,,,"GLL",
"B",16-09-2019,"1","0001","99","B101","00019976",,,," ","03","GASOHOL 95",2.21,11.50,13.57,25.42,4.58,30,,,,,,,"GLL",
"B",16-09-2019,"1","0001","99","B101","00019977",,,," ","02","GASOHOL 90",0.4,10.65,12.57,4.24,0.76,5,,,,,,,"GLL",
"B",16-09-2019,"1","0001","99","B101","00019978",,,," ","02","GASOHOL 90",0.4,10.65,12.57,4.24,0.76,5,,,,,,,"GLL",
"B",16-09-2019,"1","0001","99","B101","00019979",,,," ","02","GASOHOL 90",0.8,10.65,12.57,8.47,1.53,10,,,,,,,"GLL",
"B",16-09-2019,"1","0001","99","B101","00019980",,,," ","02","GASOHOL 90",3.98,10.65,12.57,42.37,7.63,50,,,,,,,"GLL",
"B",16-09-2019,"1","0001","99","B101","00019981",,,," ","02","GASOHOL 90",1.59,10.65,12.57,16.95,3.05,20,,,,,,,"GLL",
"B",16-09-2019,"1","0001","99","B101","00019982",,,," ","02","GASOHOL 90",0.8,10.65,12.57,8.47,1.53,10,,,,,,,"GLL",
"B",16-09-2019,"1","0001","99","B101","00019983",,,," ","03","GASOHOL 95",0.37,11.50,13.57,4.24,0.76,5,,,,,,,"GLL",
"B",16-09-2019,"1","0001","99","B101","00019984",,,," ","02","GASOHOL 90",0.8,10.65,12.57,8.47,1.53,10,,,,,,,"GLL",
"B",16-09-2019,"1","0001","99","B101","00019985",,,," ","05","DIESEL PRO B5",1,10.08,11.89,10.08,1.81,11.89,,,,,,,"GLL",
"B",16-09-2019,"1","0001","99","B101","00019986",,,," ","03","GASOHOL 95",7.37,11.50,13.57,84.75,15.25,100,,,,,,,"GLL",
"B",16-09-2019,"1","0001","99","B101","00019987",,,," ","02","GASOHOL 90",0.8,10.65,12.57,8.47,1.53,10,,,,,,,"GLL",
"B",16-09-2019,"1","0001","99","B101","00019988",,,," ","02","GASOHOL 90",1.59,10.65,12.57,16.95,3.05,20,,,,,,,"GLL",
"B",16-09-2019,"1","0001","99","B101","00019989",,,," ","02","GASOHOL 90",1.19,10.65,12.57,12.71,2.29,15,,,,,,,"GLL",
"B",16-09-2019,"1","0001","99","B101","00019990",,,," ","02","GASOHOL 90",0.8,10.65,12.57,8.47,1.53,10,,,,,,,"GLL",
"B",16-09-2019,"1","0001","99","B101","00019991",,,," ","02","GASOHOL 90",0.8,10.65,12.57,8.47,1.53,10,,,,,,,"GLL",
"B",16-09-2019,"1","0001","99","B101","00019992",,,," ","02","GASOHOL 90",0.72,10.65,12.57,7.63,1.37,9,,,,,,,"GLL",
"B",16-09-2019,"1","0001","99","B101","00019993",,,," ","03","GASOHOL 95",3.69,11.50,13.57,42.37,7.63,50,,,,,,,"GLL",
"B",16-09-2019,"1","0001","99","B101","00019994",,,," ","03","GASOHOL 95",3.69,11.50,13.57,42.37,7.63,50,,,,,,,"GLL",
"B",16-09-2019,"1","0001","99","B101","00019995",,,," ","05","DIESEL PRO B5",0.8,10.08,11.89,8.04,1.45,9.49,,,,,,,"GLL",
"B",16-09-2019,"1","0001","99","B101","00019996",,,," ","02","GASOHOL 90",0.8,10.65,12.57,8.47,1.53,10,,,,,,,"GLL",
"B",16-09-2019,"1","0001","99","B101","00019997",,,," ","05","DIESEL PRO B5",2.52,10.08,11.89,25.42,4.58,30,,,,,,,"GLL",
"B",16-09-2019,"1","0001","99","B101","00019998",,,," ","05","DIESEL PRO B5",1.68,10.08,11.89,16.95,3.05,20,,,,,,,"GLL",
"B",16-09-2019,"1","0001","99","B101","00019999",,,," ","02","GASOHOL 90",0.24,10.65,12.57,2.54,0.46,3,,,,,,,"GLL",
"B",16-09-2019,"1","0001","99","B101","00020000",,,," ","04","GASOHOL 98",3.34,12.70,14.99,42.37,7.63,50,,,,,,,"GLL",
"B",16-09-2019,"1","0001","99","B101","00020001",,,," ","05","DIESEL PRO B5",0.52,10.08,11.89,5.23,0.94,6.17,,,,,,,"GLL",
"B",16-09-2019,"1","0001","99","B101","00020002",,,," ","03","GASOHOL 95",1.47,11.50,13.57,16.95,3.05,20,,,,,,,"GLL",
"B",16-09-2019,"1","0001","99","B101","00020003",,,," ","02","GASOHOL 90",0.4,10.65,12.57,4.24,0.76,5,,,,,,,"GLL",
"B",16-09-2019,"1","0001","99","B101","00020004",,,," ","02","GASOHOL 90",0.8,10.65,12.57,8.47,1.53,10,,,,,,,"GLL",
"B",16-09-2019,"1","0001","99","B101","00020005",,,," ","02","GASOHOL 90",0.8,10.65,12.57,8.48,1.53,10.01,,,,,,,"GLL",
"B",16-09-2019,"1","0001","99","B101","00020006",,,," ","02","GASOHOL 90",1.59,10.65,12.57,16.95,3.05,20,,,,,,,"GLL",
"B",16-09-2019,"1","0001","99","B101","00020007",,,," ","05","DIESEL PRO B5",0.07,10.08,11.89,0.74,0.13,0.87,,,,,,,"GLL",
"B",16-09-2019,"1","0001","99","B101","00020008",,,," ","03","GASOHOL 95",2.21,11.50,13.57,25.42,4.58,30,,,,,,,"GLL",
"B",16-09-2019,"1","0001","99","B101","00020009",,,," ","02","GASOHOL 90",0.4,10.65,12.57,4.24,0.76,5,,,,,,,"GLL",
"B",16-09-2019,"1","0001","99","B101","00020010",,,," ","02","GASOHOL 90",0.8,10.65,12.57,8.47,1.53,10,,,,,,,"GLL",
"B",16-09-2019,"1","0001","99","B101","00020011",,,," ","02","GASOHOL 90",0.4,10.65,12.57,4.24,0.76,5,,,,,,,"GLL",
"B",16-09-2019,"1","0001","99","B101","00020012",,,," ","02","GASOHOL 90",1.59,10.65,12.57,16.95,3.05,20,,,,,,,"GLL",
"B",16-09-2019,"1","0001","99","B101","00020013",,,," ","04","GASOHOL 98",2,12.70,14.99,25.41,4.57,29.98,,,,,,,"GLL",
"B",16-09-2019,"1","0001","99","B101","00020014",,,," ","02","GASOHOL 90",0.24,10.65,12.57,2.54,0.46,3,,,,,,,"GLL",
"B",16-09-2019,"1","0001","99","B101","00020015",,,," ","02","GASOHOL 90",0.63,10.65,12.57,6.75,1.21,7.96,,,,,,,"GLL",
"B",16-09-2019,"1","0001","99","B101","00020016",,,," ","02","GASOHOL 90",1.19,10.65,12.57,12.71,2.29,15,,,,,,,"GLL",
"B",16-09-2019,"1","0001","99","B101","00020017",,,," ","03","GASOHOL 95",1.47,11.50,13.57,16.95,3.05,20,,,,,,,"GLL",
"B",16-09-2019,"1","0001","99","B101","00020018",,,," ","02","GASOHOL 90",0.4,10.65,12.57,4.24,0.76,5,,,,,,,"GLL",
"B",16-09-2019,"1","0001","99","B101","00020019",,,," ","04","GASOHOL 98",0.67,12.70,14.99,8.47,1.53,10,,,,,,,"GLL",
"B",16-09-2019,"1","0001","99","B101","00020020",,,," ","05","DIESEL PRO B5",1.01,10.08,11.89,10.17,1.83,12,,,,,,,"GLL",
"B",16-09-2019,"1","0001","99","B101","00020021",,,," ","02","GASOHOL 90",0.4,10.65,12.57,4.24,0.76,5,,,,,,,"GLL",
"B",16-09-2019,"1","0001","99","B101","00020022",,,," ","05","DIESEL PRO B5",19.68,10.08,11.89,198.33,35.70,234.03,,,,,,,"GLL",
"B",16-09-2019,"1","0001","99","B101","00020023",,,," ","04","GASOHOL 98",0.67,12.70,14.99,8.47,1.53,10,,,,,,,"GLL",
"B",17-09-2019,"1","0001","99","B101","00020024",,,," ","02","GASOHOL 90",2.39,10.65,12.57,25.42,4.58,30,,,,,,,"GLL",
"B",17-09-2019,"1","0001","99","B101","00020025",,,," ","02","GASOHOL 90",0.48,10.65,12.57,5.08,0.92,6,,,,,,,"GLL",
"B",17-09-2019,"1","0001","99","B101","00020026",,,," ","05","DIESEL PRO B5",4.21,10.08,11.89,42.37,7.63,50,,,,,,,"GLL",
"B",17-09-2019,"1","0001","99","B101","00020027",,,," ","05","DIESEL PRO B5",1.68,10.08,11.89,16.95,3.05,20,,,,,,,"GLL",
"B",17-09-2019,"1","0001","99","B101","00020028",,,," ","02","GASOHOL 90",0.8,10.65,12.57,8.47,1.53,10,,,,,,,"GLL",
"B",17-09-2019,"1","0001","99","B101","00020029",,,," ","03","GASOHOL 95",1.47,11.50,13.57,16.95,3.05,20,,,,,,,"GLL",
"B",17-09-2019,"1","0001","99","B101","00020030",,,," ","02","GASOHOL 90",2.39,10.65,12.57,25.42,4.58,30,,,,,,,"GLL",
"B",17-09-2019,"1","0001","99","B101","00020031",,,," ","05","DIESEL PRO B5",8.41,10.08,11.89,84.75,15.25,100,,,,,,,"GLL",
"B",17-09-2019,"1","0001","99","B101","00020032",,,," ","05","DIESEL PRO B5",4.21,10.08,11.89,42.37,7.63,50,,,,,,,"GLL",
"B",17-09-2019,"1","0001","99","B101","00020033",,,," ","02","GASOHOL 90",1.19,10.65,12.57,12.71,2.29,15,,,,,,,"GLL",
"B",17-09-2019,"1","0001","99","B101","00020034",,,," ","05","DIESEL PRO B5",8.41,10.08,11.89,84.75,15.25,100,,,,,,,"GLL",
"B",17-09-2019,"1","0001","99","B101","00020035",,,," ","05","DIESEL PRO B5",16.82,10.08,11.89,169.49,30.51,200,,,,,,,"GLL",
"B",17-09-2019,"1","0001","99","B101","00020036",,,," ","05","DIESEL PRO B5",8.41,10.08,11.89,84.75,15.25,100,,,,,,,"GLL",
"B",17-09-2019,"1","0001","99","B101","00020037",,,," ","02","GASOHOL 90",3.98,10.65,12.57,42.37,7.63,50,,,,,,,"GLL",
"B",17-09-2019,"1","0001","99","B101","00020038",,,," ","02","GASOHOL 90",0.8,10.65,12.57,8.47,1.53,10,,,,,,,"GLL",
"B",17-09-2019,"1","0001","99","B101","00020039",,,," ","05","DIESEL PRO B5",4.21,10.08,11.89,42.37,7.63,50,,,,,,,"GLL",
"B",17-09-2019,"1","0001","99","B101","00020040",,,," ","02","GASOHOL 90",0.4,10.65,12.57,4.24,0.76,5,,,,,,,"GLL",
"B",17-09-2019,"1","0001","99","B101","00020041",,,," ","05","DIESEL PRO B5",2.02,10.08,11.89,20.34,3.66,24,,,,,,,"GLL",
"B",17-09-2019,"1","0001","99","B101","00020042",,,," ","05","DIESEL PRO B5",4.21,10.08,11.89,42.37,7.63,50,,,,,,,"GLL",
"B",17-09-2019,"1","0001","99","B101","00020043",,,," ","02","GASOHOL 90",3.98,10.65,12.57,42.37,7.63,50,,,,,,,"GLL",
"B",17-09-2019,"1","0001","99","B101","00020044",,,," ","02","GASOHOL 90",0.8,10.65,12.57,8.47,1.53,10,,,,,,,"GLL",
"B",17-09-2019,"1","0001","99","B101","00020045",,,," ","05","DIESEL PRO B5",2.52,10.08,11.89,25.42,4.58,30,,,,,,,"GLL",
"B",17-09-2019,"1","0001","99","B101","00020046",,,," ","02","GASOHOL 90",1.59,10.65,12.57,16.95,3.05,20,,,,,,,"GLL",
"B",17-09-2019,"1","0001","99","B101","00020047",,,," ","05","DIESEL PRO B5",2.1,10.08,11.89,21.19,3.81,25,,,,,,,"GLL",
"B",17-09-2019,"1","0001","99","B101","00020048",,,," ","03","GASOHOL 95",2.21,11.50,13.57,25.42,4.58,30,,,,,,,"GLL",
"B",17-09-2019,"1","0001","99","B101","00020049",,,," ","03","GASOHOL 95",3.69,11.50,13.57,42.37,7.63,50,,,,,,,"GLL",
"B",17-09-2019,"1","0001","99","B101","00020050",,,," ","02","GASOHOL 90",0.24,10.65,12.57,2.54,0.46,3,,,,,,,"GLL",
"B",17-09-2019,"1","0001","99","B101","00020051",,,," ","02","GASOHOL 90",1.03,10.65,12.57,11.02,1.98,13,,,,,,,"GLL",
"B",17-09-2019,"1","0001","99","B101","00020052",,,," ","03","GASOHOL 95",3.69,11.50,13.57,42.37,7.63,50,,,,,,,"GLL",
"B",17-09-2019,"1","0001","99","B101","00020053",,,," ","02","GASOHOL 90",0.56,10.65,12.57,5.93,1.07,7,,,,,,,"GLL",
"B",17-09-2019,"1","0001","99","B101","00020054",,,," ","02","GASOHOL 90",0.8,10.65,12.57,8.47,1.53,10,,,,,,,"GLL",
"B",17-09-2019,"1","0001","99","B101","00020055",,,," ","02","GASOHOL 90",0.32,10.65,12.57,3.39,0.61,4,,,,,,,"GLL",
"B",17-09-2019,"1","0001","99","B101","00020056",,,," ","02","GASOHOL 90",0.64,10.65,12.57,6.78,1.22,8,,,,,,,"GLL",
"B",17-09-2019,"1","0001","99","B101","00020057",,,," ","02","GASOHOL 90",0.85,10.65,12.57,9.08,1.64,10.72,,,,,,,"GLL",
"B",17-09-2019,"1","0001","99","B101","00020058",,,," ","02","GASOHOL 90",0.8,10.65,12.57,8.47,1.53,10,,,,,,,"GLL",
"B",17-09-2019,"1","0001","99","B101","00020059",,,," ","02","GASOHOL 90",7.96,10.65,12.57,84.75,15.25,100,,,,,,,"GLL",
"B",17-09-2019,"1","0001","99","B101","00020060",,,," ","02","GASOHOL 90",0.24,10.65,12.57,2.54,0.46,3,,,,,,,"GLL",
"B",17-09-2019,"1","0001","99","B101","00020061",,,," ","05","DIESEL PRO B5",2.52,10.08,11.89,25.42,4.58,30,,,,,,,"GLL",
"B",17-09-2019,"1","0001","99","B101","00020062",,,," ","05","DIESEL PRO B5",2.52,10.08,11.89,25.42,4.58,30,,,,,,,"GLL",
"B",17-09-2019,"1","0001","99","B101","00020063",,,," ","02","GASOHOL 90",0.4,10.65,12.57,4.24,0.76,5,,,,,,,"GLL",
"B",17-09-2019,"1","0001","99","B101","00020064",,,," ","02","GASOHOL 90",0.8,10.65,12.57,8.47,1.53,10,,,,,,,"GLL",
"B",17-09-2019,"1","0001","99","B101","00020065",,,," ","02","GASOHOL 90",3.18,10.65,12.57,33.90,6.10,40,,,,,,,"GLL",
"B",17-09-2019,"1","0001","99","B101","00020066",,,," ","02","GASOHOL 90",0.4,10.65,12.57,4.24,0.76,5,,,,,,,"GLL",
"B",17-09-2019,"1","0001","99","B101","00020067",,,," ","05","DIESEL PRO B5",1.68,10.08,11.89,16.95,3.05,20,,,,,,,"GLL",
"B",17-09-2019,"1","0001","99","B101","00020068",,,," ","05","DIESEL PRO B5",7.3,10.08,11.89,73.51,13.23,86.74,,,,,,,"GLL",
"B",17-09-2019,"1","0001","99","B101","00020069",,,," ","02","GASOHOL 90",2.39,10.65,12.57,25.42,4.58,30,,,,,,,"GLL",
"B",17-09-2019,"1","0001","99","B101","00020070",,,," ","03","GASOHOL 95",1.47,11.50,13.57,16.95,3.05,20,,,,,,,"GLL",
"B",17-09-2019,"1","0001","99","B101","00020071",,,," ","04","GASOHOL 98",6.67,12.70,14.99,84.75,15.25,100,,,,,,,"GLL",
"B",17-09-2019,"1","0001","99","B101","00020072",,,," ","02","GASOHOL 90",0.8,10.65,12.57,8.47,1.53,10,,,,,,,"GLL",
"B",17-09-2019,"1","0001","99","B101","00020073",,,," ","05","DIESEL PRO B5",2.52,10.08,11.89,25.42,4.58,30,,,,,,,"GLL",
"B",17-09-2019,"1","0001","99","B101","00020074",,,," ","03","GASOHOL 95",2.21,11.50,13.57,25.42,4.58,30,,,,,,,"GLL",
"B",17-09-2019,"1","0001","99","B101","00020075",,,," ","02","GASOHOL 90",0.8,10.65,12.57,8.47,1.53,10,,,,,,,"GLL",
"B",17-09-2019,"1","0001","99","B101","00020076",,,," ","02","GASOHOL 90",0.8,10.65,12.57,8.47,1.53,10,,,,,,,"GLL",
"B",17-09-2019,"1","0001","99","B101","00020077",,,," ","02","GASOHOL 90",0.4,10.65,12.57,4.24,0.76,5,,,,,,,"GLL",
"B",17-09-2019,"1","0001","99","B101","00020078",,,," ","03","GASOHOL 95",1.69,11.50,13.57,19.48,3.51,22.99,,,,,,,"GLL",
"B",17-09-2019,"1","0001","99","B101","00020079",,,," ","04","GASOHOL 98",3.34,12.70,14.99,42.37,7.63,50,,,,,,,"GLL",
"B",17-09-2019,"1","0001","99","B101","00020080",,,," ","02","GASOHOL 90",0.64,10.65,12.57,6.78,1.22,8,,,,,,,"GLL",
"B",17-09-2019,"1","0001","99","B101","00020081",,,," ","02","GASOHOL 90",1.19,10.65,12.57,12.71,2.29,15,,,,,,,"GLL",
"B",17-09-2019,"1","0001","99","B101","00020082",,,," ","05","DIESEL PRO B5",0.84,10.08,11.89,8.47,1.53,10,,,,,,,"GLL",
"B",17-09-2019,"1","0001","99","B101","00020083",,,," ","02","GASOHOL 90",0.48,10.65,12.57,5.08,0.92,6,,,,,,,"GLL",
"B",17-09-2019,"1","0001","99","B101","00020084",,,," ","02","GASOHOL 90",0.8,10.65,12.57,8.47,1.53,10,,,,,,,"GLL",
"B",17-09-2019,"1","0001","99","B101","00020085",,,," ","04","GASOHOL 98",1.33,12.70,14.99,16.95,3.05,20,,,,,,,"GLL",
"B",17-09-2019,"1","0001","99","B101","00020086",,,," ","03","GASOHOL 95",1.47,11.50,13.57,16.95,3.05,20,,,,,,,"GLL",
"B",17-09-2019,"1","0001","99","B101","00020087",,,," ","02","GASOHOL 90",0.56,10.65,12.57,5.93,1.07,7,,,,,,,"GLL",
"B",17-09-2019,"1","0001","99","B101","00020088",,,," ","02","GASOHOL 90",0.72,10.65,12.57,7.63,1.37,9,,,,,,,"GLL",
"B",17-09-2019,"1","0001","99","B101","00020089",,,," ","05","DIESEL PRO B5",1.26,10.08,11.89,12.71,2.29,15,,,,,,,"GLL",
"B",17-09-2019,"1","0001","99","B101","00020090",,,," ","05","DIESEL PRO B5",8.41,10.08,11.89,84.75,15.25,100,,,,,,,"GLL",
"B",17-09-2019,"1","0001","99","B101","00020091",,,," ","03","GASOHOL 95",0.74,11.50,13.57,8.47,1.53,10,,,,,,,"GLL",
"B",17-09-2019,"1","0001","99","B101","00020092",,,," ","03","GASOHOL 95",3.69,11.50,13.57,42.37,7.63,50,,,,,,,"GLL",
"B",17-09-2019,"1","0001","99","B101","00020093",,,," ","03","GASOHOL 95",0.74,11.50,13.57,8.47,1.53,10,,,,,,,"GLL",
"B",17-09-2019,"1","0001","99","B101","00020094",,,," ","05","DIESEL PRO B5",1.26,10.08,11.89,12.71,2.29,15,,,,,,,"GLL",
"B",17-09-2019,"1","0001","99","B101","00020095",,,," ","05","DIESEL PRO B5",20.18,10.08,11.89,203.38,36.61,239.99,,,,,,,"GLL",
"B",17-09-2019,"1","0001","99","B101","00020096",,,," ","02","GASOHOL 90",0.8,10.65,12.57,8.47,1.53,10,,,,,,,"GLL",
"B",17-09-2019,"1","0001","99","B101","00020097",,,," ","02","GASOHOL 90",0.8,10.65,12.57,8.47,1.53,10,,,,,,,"GLL",
"B",17-09-2019,"1","0001","99","B101","00020098",,,," ","02","GASOHOL 90",0.8,10.65,12.57,8.47,1.53,10,,,,,,,"GLL",
"B",17-09-2019,"1","0001","99","B101","00020099",,,," ","02","GASOHOL 90",0.4,10.65,12.57,4.24,0.76,5,,,,,,,"GLL",
"B",17-09-2019,"1","0001","99","B101","00020100",,,," ","02","GASOHOL 90",0.8,10.65,12.57,8.47,1.53,10,,,,,,,"GLL",
"B",17-09-2019,"1","0001","99","B101","00020101",,,," ","05","DIESEL PRO B5",5.05,10.08,11.89,50.85,9.15,60,,,,,,,"GLL",
"B",17-09-2019,"1","0001","99","B101","00020102",,,," ","05","DIESEL PRO B5",10.09,10.08,11.89,101.69,18.31,120,,,,,,,"GLL",
"B",17-09-2019,"1","0001","99","B101","00020103",,,," ","02","GASOHOL 90",0.4,10.65,12.57,4.24,0.76,5,,,,,,,"GLL",
"B",17-09-2019,"1","0001","99","B101","00020104",,,," ","03","GASOHOL 95",1.47,11.50,13.57,16.95,3.05,20,,,,,,,"GLL",
"B",17-09-2019,"1","0001","99","B101","00020105",,,," ","02","GASOHOL 90",0.8,10.65,12.57,8.47,1.53,10,,,,,,,"GLL",
"B",17-09-2019,"1","0001","99","B101","00020106",,,," ","05","DIESEL PRO B5",4.21,10.08,11.89,42.37,7.63,50,,,,,,,"GLL",
"B",17-09-2019,"1","0001","99","B101","00020107",,,," ","02","GASOHOL 90",7.96,10.65,12.57,84.75,15.25,100,,,,,,,"GLL",
"B",17-09-2019,"1","0001","99","B101","00020108",,,," ","02","GASOHOL 90",1.59,10.65,12.57,16.95,3.05,20,,,,,,,"GLL",
"B",17-09-2019,"1","0001","99","B101","00020109",,,," ","02","GASOHOL 90",0.4,10.65,12.57,4.24,0.76,5,,,,,,,"GLL",
"B",17-09-2019,"1","0001","99","B101","00020110",,,," ","05","DIESEL PRO B5",2.52,10.08,11.89,25.42,4.58,30,,,,,,,"GLL",
"B",17-09-2019,"1","0001","99","B101","00020111",,,," ","03","GASOHOL 95",0.74,11.50,13.57,8.47,1.53,10,,,,,,,"GLL",
"B",17-09-2019,"1","0001","99","B101","00020112",,,," ","03","GASOHOL 95",3.69,11.50,13.57,42.37,7.63,50,,,,,,,"GLL",
"B",17-09-2019,"1","0001","99","B101","00020113",,,," ","03","GASOHOL 95",3.69,11.50,13.57,42.37,7.63,50,,,,,,,"GLL",
"B",17-09-2019,"1","0001","99","B101","00020114",,,," ","02","GASOHOL 90",1.19,10.65,12.57,12.71,2.29,15,,,,,,,"GLL",
"B",17-09-2019,"1","0001","99","B101","00020115",,,," ","02","GASOHOL 90",1,10.65,12.57,10.65,1.92,12.57,,,,,,,"GLL",
"B",17-09-2019,"1","0001","99","B101","00020116",,,," ","02","GASOHOL 90",0.8,10.65,12.57,8.47,1.53,10,,,,,,,"GLL",
"B",17-09-2019,"1","0001","99","B101","00020117",,,," ","03","GASOHOL 95",1.33,11.50,13.57,15.25,2.75,18,,,,,,,"GLL",
"B",17-09-2019,"1","0001","99","B101","00020118",,,," ","02","GASOHOL 90",0.8,10.65,12.57,8.47,1.53,10,,,,,,,"GLL",
"B",17-09-2019,"1","0001","99","B101","00020119",,,," ","04","GASOHOL 98",0.67,12.70,14.99,8.47,1.53,10,,,,,,,"GLL",
"B",17-09-2019,"1","0001","99","B101","00020120",,,," ","03","GASOHOL 95",2.21,11.50,13.57,25.42,4.58,30,,,,,,,"GLL",
"B",17-09-2019,"1","0001","99","B101","00020121",,,," ","02","GASOHOL 90",1.59,10.65,12.57,16.95,3.05,20,,,,,,,"GLL",
"B",17-09-2019,"1","0001","99","B101","00020122",,,," ","05","DIESEL PRO B5",0.84,10.08,11.89,8.47,1.53,10,,,,,,,"GLL",
"B",17-09-2019,"1","0001","99","B101","00020123",,,," ","02","GASOHOL 90",0.23,10.65,12.57,2.41,0.43,2.84,,,,,,,"GLL",
"B",18-09-2019,"1","0001","99","B101","00020124",,,," ","05","DIESEL PRO B5",16.82,10.08,11.89,169.49,30.51,200,,,,,,,"GLL",
"B",18-09-2019,"1","0001","99","B101","00020125",,,," ","02","GASOHOL 90",6.36,10.65,12.57,67.80,12.20,80,,,,,,,"GLL",
"B",18-09-2019,"1","0001","99","B101","00020126",,,," ","05","DIESEL PRO B5",12.2,10.08,11.89,122.88,22.12,145,,,,,,,"GLL",
"B",18-09-2019,"1","0001","99","B101","00020127",,,," ","02","GASOHOL 90",1.19,10.65,12.57,12.71,2.29,15,,,,,,,"GLL",
"B",18-09-2019,"1","0001","99","B101","00020128",,,," ","02","GASOHOL 90",0.8,10.65,12.57,8.47,1.53,10,,,,,,,"GLL",
"B",18-09-2019,"1","0001","99","B101","00020129",,,," ","05","DIESEL PRO B5",4.21,10.08,11.89,42.37,7.63,50,,,,,,,"GLL",
"B",18-09-2019,"1","0001","99","B101","00020130",,,," ","02","GASOHOL 90",0.8,10.65,12.57,8.47,1.53,10,,,,,,,"GLL",
"B",18-09-2019,"1","0001","99","B101","00020131",,,," ","02","GASOHOL 90",1.59,10.65,12.57,16.95,3.05,20,,,,,,,"GLL",
"B",18-09-2019,"1","0001","99","B101","00020132",,,," ","03","GASOHOL 95",2.21,11.50,13.57,25.42,4.58,30,,,,,,,"GLL",
"B",18-09-2019,"1","0001","99","B101","00020133",,,," ","02","GASOHOL 90",0.4,10.65,12.57,4.24,0.76,5,,,,,,,"GLL",
"B",18-09-2019,"1","0001","99","B101","00020134",,,," ","02","GASOHOL 90",0.4,10.65,12.57,4.24,0.76,5,,,,,,,"GLL",
"B",18-09-2019,"1","0001","99","B101","00020135",,,," ","02","GASOHOL 90",1.35,10.65,12.57,14.42,2.59,17.01,,,,,,,"GLL",
"B",18-09-2019,"1","0001","99","B101","00020136",,,," ","02","GASOHOL 90",0.24,10.65,12.57,2.54,0.46,3,,,,,,,"GLL",
"B",18-09-2019,"1","0001","99","B101","00020137",,,," ","02","GASOHOL 90",0.8,10.65,12.57,8.47,1.53,10,,,,,,,"GLL",
"B",18-09-2019,"1","0001","99","B101","00020138",,,," ","03","GASOHOL 95",0.37,11.50,13.57,4.24,0.76,5,,,,,,,"GLL",
"B",18-09-2019,"1","0001","99","B101","00020139",,,," ","02","GASOHOL 90",1.59,10.65,12.57,16.95,3.05,20,,,,,,,"GLL",
"B",18-09-2019,"1","0001","99","B101","00020140",,,," ","02","GASOHOL 90",7.96,10.65,12.57,84.75,15.25,100,,,,,,,"GLL",
"B",18-09-2019,"1","0001","99","B101","00020141",,,," ","03","GASOHOL 95",2.21,11.50,13.57,25.42,4.58,30,,,,,,,"GLL",
"B",18-09-2019,"1","0001","99","B101","00020142",,,," ","02","GASOHOL 90",0.4,10.65,12.57,4.24,0.76,5,,,,,,,"GLL",
"B",18-09-2019,"1","0001","99","B101","00020143",,,," ","02","GASOHOL 90",0.32,10.65,12.57,3.39,0.61,4,,,,,,,"GLL",
"B",18-09-2019,"1","0001","99","B101","00020144",,,," ","02","GASOHOL 90",0.4,10.65,12.57,4.24,0.76,5,,,,,,,"GLL",
"B",18-09-2019,"1","0001","99","B101","00020145",,,," ","05","DIESEL PRO B5",2.02,10.08,11.89,20.34,3.66,24,,,,,,,"GLL",
"B",18-09-2019,"1","0001","99","B101","00020146",,,," ","02","GASOHOL 90",1.59,10.65,12.57,16.95,3.05,20,,,,,,,"GLL",
"B",18-09-2019,"1","0001","99","B101","00020147",,,," ","05","DIESEL PRO B5",1.68,10.08,11.89,16.95,3.05,20,,,,,,,"GLL",
"B",18-09-2019,"1","0001","99","B101","00020148",,,," ","02","GASOHOL 90",0.8,10.65,12.57,8.47,1.53,10,,,,,,,"GLL",
"B",18-09-2019,"1","0001","99","B101","00020149",,,," ","03","GASOHOL 95",7.37,11.50,13.57,84.75,15.25,100,,,,,,,"GLL",
"B",18-09-2019,"1","0001","99","B101","00020150",,,," ","02","GASOHOL 90",0.4,10.65,12.57,4.24,0.76,5,,,,,,,"GLL",
"B",18-09-2019,"1","0001","99","B101","00020151",,,," ","05","DIESEL PRO B5",3.66,10.08,11.89,36.87,6.64,43.51,,,,,,,"GLL",
"B",18-09-2019,"1","0001","99","B101","00020152",,,," ","02","GASOHOL 90",0.8,10.65,12.57,8.47,1.53,10,,,,,,,"GLL",
"B",18-09-2019,"1","0001","99","B101","00020153",,,," ","02","GASOHOL 90",0.8,10.65,12.57,8.47,1.53,10,,,,,,,"GLL",
"B",18-09-2019,"1","0001","99","B101","00020154",,,," ","03","GASOHOL 95",2.21,11.50,13.57,25.42,4.58,30,,,,,,,"GLL",
"B",18-09-2019,"1","0001","99","B101","00020155",,,," ","03","GASOHOL 95",2.21,11.50,13.57,25.42,4.58,30,,,,,,,"GLL",
"B",18-09-2019,"1","0001","99","B101","00020156",,,," ","05","DIESEL PRO B5",1.26,10.08,11.89,12.71,2.29,15,,,,,,,"GLL",
"B",18-09-2019,"1","0001","99","B101","00020157",,,," ","02","GASOHOL 90",1.59,10.65,12.57,16.95,3.05,20,,,,,,,"GLL",
"B",18-09-2019,"1","0001","99","B101","00020158",,,," ","02","GASOHOL 90",1.59,10.65,12.57,16.95,3.05,20,,,,,,,"GLL",
"B",18-09-2019,"1","0001","99","B101","00020159",,,," ","02","GASOHOL 90",0.8,10.65,12.57,8.47,1.53,10,,,,,,,"GLL",
"B",18-09-2019,"1","0001","99","B101","00020160",,,," ","02","GASOHOL 90",1.59,10.65,12.57,16.95,3.05,20,,,,,,,"GLL",
"B",18-09-2019,"1","0001","99","B101","00020161",,,," ","02","GASOHOL 90",0.32,10.65,12.57,3.39,0.61,4,,,,,,,"GLL",
"B",18-09-2019,"1","0001","99","B101","00020162",,,," ","05","DIESEL PRO B5",1.68,10.08,11.89,16.95,3.05,20,,,,,,,"GLL",
"B",18-09-2019,"1","0001","99","B101","00020163",,,," ","03","GASOHOL 95",1.11,11.50,13.57,12.71,2.29,15,,,,,,,"GLL",
"B",18-09-2019,"1","0001","99","B101","00020164",,,," ","02","GASOHOL 90",1.59,10.65,12.57,16.95,3.05,20,,,,,,,"GLL",
"B",18-09-2019,"1","0001","99","B101","00020165",,,," ","03","GASOHOL 95",5.17,11.50,13.57,59.50,10.71,70.21,,,,,,,"GLL",
"B",18-09-2019,"1","0001","99","B101","00020166",,,," ","05","DIESEL PRO B5",4.21,10.08,11.89,42.37,7.63,50,,,,,,,"GLL",
"B",18-09-2019,"1","0001","99","B101","00020167",,,," ","02","GASOHOL 90",0.32,10.65,12.57,3.39,0.61,4,,,,,,,"GLL",
"B",18-09-2019,"1","0001","99","B101","00020168",,,," ","03","GASOHOL 95",2.21,11.50,13.57,25.42,4.58,30,,,,,,,"GLL",
"B",18-09-2019,"1","0001","99","B101","00020169",,,," ","02","GASOHOL 90",0.8,10.65,12.57,8.47,1.53,10,,,,,,,"GLL",
"B",18-09-2019,"1","0001","99","B101","00020170",,,," ","02","GASOHOL 90",0.4,10.65,12.57,4.26,0.77,5.03,,,,,,,"GLL",
"B",18-09-2019,"1","0001","99","B101","00020171",,,," ","02","GASOHOL 90",0.8,10.65,12.57,8.50,1.53,10.03,,,,,,,"GLL",
"B",18-09-2019,"1","0001","99","B101","00020172",,,," ","05","DIESEL PRO B5",12.62,10.08,11.89,127.12,22.88,150,,,,,,,"GLL",
"B",18-09-2019,"1","0001","99","B101","00020173",,,," ","02","GASOHOL 90",0.4,10.65,12.57,4.26,0.77,5.03,,,,,,,"GLL",
"B",18-09-2019,"1","0001","99","B101","00020174",,,," ","05","DIESEL PRO B5",6,10.08,11.89,60.46,10.88,71.34,,,,,,,"GLL",
"B",18-09-2019,"1","0001","99","B101","00020175",,,," ","02","GASOHOL 90",0.4,10.65,12.57,4.24,0.76,5,,,,,,,"GLL",
"B",18-09-2019,"1","0001","99","B101","00020176",,,," ","05","DIESEL PRO B5",3.36,10.08,11.89,33.90,6.10,40,,,,,,,"GLL",
"B",18-09-2019,"1","0001","99","B101","00020177",,,," ","03","GASOHOL 95",0.88,11.50,13.57,10.17,1.83,12,,,,,,,"GLL",
"B",18-09-2019,"1","0001","99","B101","00020178",,,," ","02","GASOHOL 90",0.8,10.65,12.57,8.47,1.53,10,,,,,,,"GLL",
"B",18-09-2019,"1","0001","99","B101","00020179",,,," ","02","GASOHOL 90",0.2,10.65,12.57,2.12,0.38,2.5,,,,,,,"GLL",
"B",18-09-2019,"1","0001","99","B101","00020180",,,," ","05","DIESEL PRO B5",2.52,10.08,11.89,25.42,4.58,30,,,,,,,"GLL",
"B",18-09-2019,"1","0001","99","B101","00020181",,,," ","02","GASOHOL 90",0.8,10.65,12.57,8.47,1.53,10,,,,,,,"GLL",
"B",18-09-2019,"1","0001","99","B101","00020182",,,," ","02","GASOHOL 90",1.59,10.65,12.57,16.95,3.05,20,,,,,,,"GLL",
"B",18-09-2019,"1","0001","99","B101","00020183",,,," ","05","DIESEL PRO B5",1.35,10.08,11.89,13.56,2.44,16,,,,,,,"GLL",
"B",18-09-2019,"1","0001","99","B101","00020184",,,," ","05","DIESEL PRO B5",1.77,10.08,11.89,17.80,3.20,21,,,,,,,"GLL",
"B",18-09-2019,"1","0001","99","B101","00020185",,,," ","02","GASOHOL 90",0.4,10.65,12.57,4.24,0.76,5,,,,,,,"GLL",
"B",18-09-2019,"1","0001","99","B101","00020186",,,," ","02","GASOHOL 90",1.59,10.65,12.57,16.95,3.05,20,,,,,,,"GLL",
"B",18-09-2019,"1","0001","99","B101","00020187",,,," ","05","DIESEL PRO B5",4.21,10.08,11.89,42.37,7.63,50,,,,,,,"GLL",
"B",18-09-2019,"1","0001","99","B101","00020188",,,," ","05","DIESEL PRO B5",0.84,10.08,11.89,8.47,1.53,10,,,,,,,"GLL",
"B",18-09-2019,"1","0001","99","B101","00020189",,,," ","05","DIESEL PRO B5",2.52,10.08,11.89,25.42,4.58,30,,,,,,,"GLL",
"B",18-09-2019,"1","0001","99","B101","00020190",,,," ","02","GASOHOL 90",0.8,10.65,12.57,8.47,1.53,10,,,,,,,"GLL",
"B",18-09-2019,"1","0001","99","B101","00020191",,,," ","02","GASOHOL 90",0.4,10.65,12.57,4.24,0.76,5,,,,,,,"GLL",
"B",18-09-2019,"1","0001","99","B101","00020192",,,," ","04","GASOHOL 98",3.34,12.70,14.99,42.37,7.63,50,,,,,,,"GLL",
"B",18-09-2019,"1","0001","99","B101","00020193",,,," ","05","DIESEL PRO B5",2.52,10.08,11.89,25.42,4.58,30,,,,,,,"GLL",
"B",18-09-2019,"1","0001","99","B101","00020194",,,," ","05","DIESEL PRO B5",0.34,10.08,11.89,3.39,0.61,4,,,,,,,"GLL",
"B",18-09-2019,"1","0001","99","B101","00020195",,,," ","03","GASOHOL 95",1.11,11.50,13.57,12.71,2.29,15,,,,,,,"GLL",
"B",18-09-2019,"1","0001","99","B101","00020196",,,," ","02","GASOHOL 90",3.98,10.65,12.57,42.37,7.63,50,,,,,,,"GLL",
"B",18-09-2019,"1","0001","99","B101","00020197",,,," ","03","GASOHOL 95",5,11.50,13.57,57.50,10.35,67.85,,,,,,,"GLL",
"B",18-09-2019,"1","0001","99","B101","00020198",,,," ","02","GASOHOL 90",0.48,10.65,12.57,5.08,0.92,6,,,,,,,"GLL",
"B",18-09-2019,"1","0001","99","B101","00020199",,,," ","02","GASOHOL 90",0.8,10.65,12.57,8.47,1.53,10,,,,,,,"GLL",
"B",18-09-2019,"1","0001","99","B101","00020200",,,," ","04","GASOHOL 98",1.19,12.70,14.99,15.08,2.72,17.8,,,,,,,"GLL",
"B",18-09-2019,"1","0001","99","B101","00020201",,,," ","04","GASOHOL 98",1,12.70,14.99,12.70,2.29,14.99,,,,,,,"GLL",
"B",18-09-2019,"1","0001","99","B101","00020202",,,," ","02","GASOHOL 90",1.59,10.65,12.57,16.95,3.05,20,,,,,,,"GLL",
"B",18-09-2019,"1","0001","99","B101","00020203",,,," ","05","DIESEL PRO B5",10.93,10.08,11.89,110.17,19.83,130,,,,,,,"GLL",
"B",18-09-2019,"1","0001","99","B101","00020204",,,," ","02","GASOHOL 90",3.98,10.65,12.57,42.37,7.63,50,,,,,,,"GLL",
"B",18-09-2019,"1","0001","99","B101","00020205",,,," ","02","GASOHOL 90",0.4,10.65,12.57,4.24,0.76,5,,,,,,,"GLL",
"B",18-09-2019,"1","0001","99","B101","00020206",,,," ","03","GASOHOL 95",1.47,11.50,13.57,16.95,3.05,20,,,,,,,"GLL",
"B",18-09-2019,"1","0001","99","B101","00020207",,,," ","02","GASOHOL 90",0.8,10.65,12.57,8.47,1.53,10,,,,,,,"GLL",
"B",18-09-2019,"1","0001","99","B101","00020208",,,," ","03","GASOHOL 95",13.56,11.50,13.57,155.92,28.06,183.98,,,,,,,"GLL",
"B",18-09-2019,"1","0001","99","B101","00020209",,,," ","02","GASOHOL 90",0.4,10.65,12.57,4.24,0.76,5,,,,,,,"GLL",
"B",18-09-2019,"1","0001","99","B101","00020210",,,," ","02","GASOHOL 90",1.59,10.65,12.57,16.95,3.05,20,,,,,,,"GLL",
"B",18-09-2019,"1","0001","99","B101","00020211",,,," ","02","GASOHOL 90",2.79,10.65,12.57,29.69,5.34,35.03,,,,,,,"GLL",
"B",18-09-2019,"1","0001","99","B101","00020212",,,," ","02","GASOHOL 90",1.59,10.65,12.57,16.95,3.05,20,,,,,,,"GLL",
"B",18-09-2019,"1","0001","99","B101","00020213",,,," ","02","GASOHOL 90",0.4,10.65,12.57,4.24,0.76,5,,,,,,,"GLL",
"B",18-09-2019,"1","0001","99","B101","00020214",,,," ","02","GASOHOL 90",1.59,10.65,12.57,16.95,3.05,20,,,,,,,"GLL",
"B",18-09-2019,"1","0001","99","B101","00020215",,,," ","03","GASOHOL 95",0.81,11.50,13.57,9.31,1.67,10.98,,,,,,,"GLL",
"B",18-09-2019,"1","0001","99","B101","00020216",,,," ","03","GASOHOL 95",1.47,11.50,13.57,16.95,3.05,20,,,,,,,"GLL",
"B",18-09-2019,"1","0001","99","B101","00020217",,,," ","03","GASOHOL 95",2.95,11.50,13.57,33.90,6.10,40,,,,,,,"GLL",
"B",18-09-2019,"1","0001","99","B101","00020218",,,," ","02","GASOHOL 90",1.59,10.65,12.57,16.95,3.05,20,,,,,,,"GLL",
"B",18-09-2019,"1","0001","99","B101","00020219",,,," ","02","GASOHOL 90",0.4,10.65,12.57,4.24,0.76,5,,,,,,,"GLL",
"B",18-09-2019,"1","0001","99","B101","00020220",,,," ","02","GASOHOL 90",0.2,10.65,12.57,2.12,0.38,2.5,,,,,,,"GLL",
"B",18-09-2019,"1","0001","99","B101","00020221",,,," ","02","GASOHOL 90",0.4,10.65,12.57,4.24,0.76,5,,,,,,,"GLL",
"B",18-09-2019,"1","0001","99","B101","00020222",,,," ","03","GASOHOL 95",2.21,11.50,13.57,25.42,4.58,30,,,,,,,"GLL",
"B",18-09-2019,"1","0001","99","B101","00020223",,,," ","02","GASOHOL 90",0.4,10.65,12.57,4.24,0.76,5,,,,,,,"GLL",
"B",18-09-2019,"1","0001","99","B101","00020224",,,," ","02","GASOHOL 90",0.8,10.65,12.57,8.47,1.53,10,,,,,,,"GLL",
"B",18-09-2019,"1","0001","99","B101","00020225",,,," ","05","DIESEL PRO B5",43.74,10.08,11.89,440.75,79.34,520.09,,,,,,,"GLL",
"B",18-09-2019,"1","0001","99","B101","00020226",,,," ","05","DIESEL PRO B5",2.52,10.08,11.89,25.42,4.58,30,,,,,,,"GLL",
"B",18-09-2019,"1","0001","99","B101","00020227",,,," ","02","GASOHOL 90",0.4,10.65,12.57,4.24,0.76,5,,,,,,,"GLL",
"B",18-09-2019,"1","0001","99","B101","00020228",,,," ","04","GASOHOL 98",0.67,12.70,14.99,8.47,1.53,10,,,,,,,"GLL",
"B",16-09-2019,"1","0001","99","B102","00006289",,,," ","02","GASOHOL 90",2.39,10.65,12.57,25.42,4.58,30,,,,,,,"GLL",
"B",16-09-2019,"1","0001","99","B102","00006290",,,," ","03","GASOHOL 95",2.21,11.50,13.57,25.42,4.58,30,,,,,,,"GLL",
"B",16-09-2019,"1","0001","99","B102","00006291",,,," ","02","GASOHOL 90",1.59,10.65,12.57,16.95,3.05,20,,,,,,,"GLL",
"B",16-09-2019,"1","0001","99","B102","00006292",,,," ","05","DIESEL PRO B5",2.52,10.08,11.89,25.42,4.58,30,,,,,,,"GLL",
"B",16-09-2019,"1","0001","99","B102","00006293",,,," ","02","GASOHOL 90",1.45,10.65,12.57,15.42,2.78,18.2,,,,,,,"GLL",
"B",16-09-2019,"1","0001","99","B102","00006294",,,," ","02","GASOHOL 90",1.59,10.65,12.57,16.95,3.05,20,,,,,,,"GLL",
"B",16-09-2019,"1","0001","99","B102","00006295",,,," ","02","GASOHOL 90",1.59,10.65,12.57,16.95,3.05,20,,,,,,,"GLL",
"B",16-09-2019,"1","0001","99","B102","00006296",,,," ","03","GASOHOL 95",2.95,11.50,13.57,33.90,6.10,40,,,,,,,"GLL",
"B",16-09-2019,"1","0001","99","B102","00006297",,,," ","05","DIESEL PRO B5",5.55,10.08,11.89,55.93,10.07,66,,,,,,,"GLL",
"B",16-09-2019,"1","0001","99","B102","00006298",,,," ","03","GASOHOL 95",0.01,11.50,13.57,0.16,0.03,0.19,,,,,,,"GLL",
"B",16-09-2019,"1","0001","99","B102","00006299",,,," ","03","GASOHOL 95",1,11.50,13.57,11.50,2.07,13.57,,,,,,,"GLL",
"B",16-09-2019,"1","0001","99","B102","00006300",,,," ","05","DIESEL PRO B5",4.21,10.08,11.89,42.37,7.63,50,,,,,,,"GLL",
"B",16-09-2019,"1","0001","99","B102","00006301",,,," ","03","GASOHOL 95",2,11.50,13.57,23.00,4.14,27.14,,,,,,,"GLL",
"B",16-09-2019,"1","0001","99","B102","00006302",,,," ","02","GASOHOL 90",0.8,10.65,12.57,8.47,1.53,10,,,,,,,"GLL",
"B",16-09-2019,"1","0001","99","B102","00006303",,,," ","03","GASOHOL 95",0.74,11.50,13.57,8.47,1.53,10,,,,,,,"GLL",
"B",16-09-2019,"1","0001","99","B102","00006304",,,," ","02","GASOHOL 90",2.39,10.65,12.57,25.42,4.58,30,,,,,,,"GLL",
"B",16-09-2019,"1","0001","99","B102","00006305",,,," ","05","DIESEL PRO B5",3,10.08,11.89,30.23,5.44,35.67,,,,,,,"GLL",
"B",16-09-2019,"1","0001","99","B102","00006306",,,," ","02","GASOHOL 90",2.39,10.65,12.57,25.42,4.58,30,,,,,,,"GLL",
"B",16-09-2019,"1","0001","99","B102","00006307",,,," ","02","GASOHOL 90",0.64,10.65,12.57,6.78,1.22,8,,,,,,,"GLL",
"B",16-09-2019,"1","0001","99","B102","00006308",,,," ","02","GASOHOL 90",0.16,10.65,12.57,1.69,0.31,2,,,,,,,"GLL",
"B",16-09-2019,"1","0001","99","B102","00006309",,,," ","03","GASOHOL 95",7.37,11.50,13.57,84.75,15.25,100,,,,,,,"GLL",
"B",16-09-2019,"1","0001","99","B102","00006310",,,," ","03","GASOHOL 95",10.63,11.50,13.57,122.22,22.00,144.22,,,,,,,"GLL",
"B",16-09-2019,"1","0001","99","B102","00006311",,,," ","02","GASOHOL 90",2.39,10.65,12.57,25.42,4.58,30,,,,,,,"GLL",
"B",16-09-2019,"1","0001","99","B102","00006312",,,," ","05","DIESEL PRO B5",8.41,10.08,11.89,84.75,15.25,100,,,,,,,"GLL",
"B",16-09-2019,"1","0001","99","B102","00006313",,,," ","05","DIESEL PRO B5",4.21,10.08,11.89,42.37,7.63,50,,,,,,,"GLL",
"B",16-09-2019,"1","0001","99","B102","00006314",,,," ","05","DIESEL PRO B5",1.68,10.08,11.89,16.95,3.05,20,,,,,,,"GLL",
"B",16-09-2019,"1","0001","99","B102","00006315",,,," ","02","GASOHOL 90",0.8,10.65,12.57,8.47,1.53,10,,,,,,,"GLL",
"B",16-09-2019,"1","0001","99","B102","00006316",,,," ","02","GASOHOL 90",0.24,10.65,12.57,2.54,0.46,3,,,,,,,"GLL",
"B",16-09-2019,"1","0001","99","B102","00006317",,,," ","02","GASOHOL 90",1,10.65,12.57,10.65,1.92,12.57,,,,,,,"GLL",
"B",16-09-2019,"1","0001","99","B102","00006318",,,," ","05","DIESEL PRO B5",0.15,10.08,11.89,1.47,0.27,1.74,,,,,,,"GLL",
"B",16-09-2019,"1","0001","99","B102","00006319",,,," ","02","GASOHOL 90",1.59,10.65,12.57,16.95,3.05,20,,,,,,,"GLL",
"B",16-09-2019,"1","0001","99","B102","00006320",,,," ","02","GASOHOL 90",3.98,10.65,12.57,42.37,7.63,50,,,,,,,"GLL",
"B",16-09-2019,"1","0001","99","B102","00006321",,,," ","03","GASOHOL 95",0.74,11.50,13.57,8.47,1.53,10,,,,,,,"GLL",
"B",17-09-2019,"1","0001","99","B102","00006322",,,," ","05","DIESEL PRO B5",4.21,10.08,11.89,42.37,7.63,50,,,,,,,"GLL",
"B",17-09-2019,"1","0001","99","B102","00006323",,,," ","02","GASOHOL 90",1.59,10.65,12.57,16.95,3.05,20,,,,,,,"GLL",
"B",17-09-2019,"1","0001","99","B102","00006324",,,," ","02","GASOHOL 90",1.46,10.65,12.57,15.59,2.81,18.4,,,,,,,"GLL",
"B",17-09-2019,"1","0001","99","B102","00006325",,,," ","03","GASOHOL 95",3.69,11.50,13.57,42.37,7.63,50,,,,,,,"GLL",
"B",17-09-2019,"1","0001","99","B102","00006326",,,," ","02","GASOHOL 90",0.16,10.65,12.57,1.69,0.31,2,,,,,,,"GLL",
"B",17-09-2019,"1","0001","99","B102","00006327",,,," ","03","GASOHOL 95",0.74,11.50,13.57,8.47,1.53,10,,,,,,,"GLL",
"B",17-09-2019,"1","0001","99","B102","00006328",,,," ","02","GASOHOL 90",0.8,10.65,12.57,8.47,1.53,10,,,,,,,"GLL",
"B",17-09-2019,"1","0001","99","B102","00006329",,,," ","02","GASOHOL 90",2.39,10.65,12.57,25.42,4.58,30,,,,,,,"GLL",
"B",17-09-2019,"1","0001","99","B102","00006330",,,," ","02","GASOHOL 90",0.8,10.65,12.57,8.47,1.53,10,,,,,,,"GLL",
"B",17-09-2019,"1","0001","99","B102","00006331",,,," ","02","GASOHOL 90",1.59,10.65,12.57,16.95,3.05,20,,,,,,,"GLL",
"B",17-09-2019,"1","0001","99","B102","00006332",,,," ","02","GASOHOL 90",0.8,10.65,12.57,8.47,1.53,10,,,,,,,"GLL",
"B",17-09-2019,"1","0001","99","B102","00006333",,,," ","02","GASOHOL 90",0.8,10.65,12.57,8.47,1.53,10,,,,,,,"GLL",
"B",17-09-2019,"1","0001","99","B102","00006334",,,," ","03","GASOHOL 95",2.95,11.50,13.57,33.90,6.10,40,,,,,,,"GLL",
"B",17-09-2019,"1","0001","99","B102","00006335",,,," ","02","GASOHOL 90",0.8,10.65,12.57,8.47,1.53,10,,,,,,,"GLL",
"B",17-09-2019,"1","0001","99","B102","00006336",,,," ","02","GASOHOL 90",3.98,10.65,12.57,42.37,7.63,50,,,,,,,"GLL",
"B",17-09-2019,"1","0001","99","B102","00006337",,,," ","02","GASOHOL 90",1.99,10.65,12.57,21.19,3.81,25,,,,,,,"GLL",
"B",17-09-2019,"1","0001","99","B102","00006338",,,," ","03","GASOHOL 95",1.11,11.50,13.57,12.71,2.29,15,,,,,,,"GLL",
"B",17-09-2019,"1","0001","99","B102","00006339",,,," ","02","GASOHOL 90",0.8,10.65,12.57,8.47,1.53,10,,,,,,,"GLL",
"B",17-09-2019,"1","0001","99","B102","00006340",,,," ","05","DIESEL PRO B5",0,10.08,11.89,0.01,0.00,0.01,,,,,,,"GLL",
"B",17-09-2019,"1","0001","99","B102","00006341",,,," ","02","GASOHOL 90",1.03,10.65,12.57,11.02,1.98,13,,,,,,,"GLL",
"B",17-09-2019,"1","0001","99","B102","00006342",,,," ","02","GASOHOL 90",0.4,10.65,12.57,4.24,0.76,5,,,,,,,"GLL",
"B",17-09-2019,"1","0001","99","B102","00006343",,,," ","05","DIESEL PRO B5",2.52,10.08,11.89,25.42,4.58,30,,,,,,,"GLL",
"B",17-09-2019,"1","0001","99","B102","00006344",,,," ","02","GASOHOL 90",0.4,10.65,12.57,4.24,0.76,5,,,,,,,"GLL",
"B",17-09-2019,"1","0001","99","B102","00006345",,,," ","02","GASOHOL 90",0.8,10.65,12.57,8.47,1.53,10,,,,,,,"GLL",
"B",17-09-2019,"1","0001","99","B102","00006346",,,," ","02","GASOHOL 90",0.4,10.65,12.57,4.24,0.76,5,,,,,,,"GLL",
"B",17-09-2019,"1","0001","99","B102","00006347",,,," ","02","GASOHOL 90",0.48,10.65,12.57,5.08,0.92,6,,,,,,,"GLL",
"B",17-09-2019,"1","0001","99","B102","00006348",,,," ","02","GASOHOL 90",0.8,10.65,12.57,8.47,1.53,10,,,,,,,"GLL",
"B",17-09-2019,"1","0001","99","B102","00006349",,,," ","03","GASOHOL 95",0.88,11.50,13.57,10.17,1.83,12,,,,,,,"GLL",
"B",17-09-2019,"1","0001","99","B102","00006350",,,," ","05","DIESEL PRO B5",3.36,10.08,11.89,33.90,6.10,40,,,,,,,"GLL",
"B",17-09-2019,"1","0001","99","B102","00006351",,,," ","02","GASOHOL 90",4,10.65,12.57,42.61,7.67,50.28,,,,,,,"GLL",
"B",17-09-2019,"1","0001","99","B102","00006352",,,," ","03","GASOHOL 95",12.62,11.50,13.57,145.11,26.12,171.23,,,,,,,"GLL",
"B",17-09-2019,"1","0001","99","B102","00006353",,,," ","02","GASOHOL 90",2.39,10.65,12.57,25.42,4.58,30,,,,,,,"GLL",
"B",17-09-2019,"1","0001","99","B102","00006354",,,," ","05","DIESEL PRO B5",0.01,10.08,11.89,0.10,0.02,0.12,,,,,,,"GLL",
"B",17-09-2019,"1","0001","99","B102","00006355",,,," ","05","DIESEL PRO B5",0.01,10.08,11.89,0.10,0.02,0.12,,,,,,,"GLL",
"B",17-09-2019,"1","0001","99","B102","00006356",,,," ","02","GASOHOL 90",2.39,10.65,12.57,25.42,4.58,30,,,,,,,"GLL",
"B",17-09-2019,"1","0001","99","B102","00006357",,,," ","02","GASOHOL 90",0.8,10.65,12.57,8.47,1.53,10,,,,,,,"GLL",
"B",17-09-2019,"1","0001","99","B102","00006358",,,," ","03","GASOHOL 95",0.74,11.50,13.57,8.47,1.53,10,,,,,,,"GLL",
"B",17-09-2019,"1","0001","99","B102","00006359",,,," ","02","GASOHOL 90",3.18,10.65,12.57,33.90,6.10,40,,,,,,,"GLL",
"B",17-09-2019,"1","0001","99","B102","00006360",,,," ","03","GASOHOL 95",1.47,11.50,13.57,16.95,3.05,20,,,,,,,"GLL",
"B",17-09-2019,"1","0001","99","B102","00006361",,,," ","03","GASOHOL 95",0.22,11.50,13.57,2.54,0.46,3,,,,,,,"GLL",
"B",17-09-2019,"1","0001","99","B102","00006362",,,," ","03","GASOHOL 95",3.69,11.50,13.57,42.37,7.63,50,,,,,,,"GLL",
"B",17-09-2019,"1","0001","99","B102","00006363",,,," ","03","GASOHOL 95",1.11,11.50,13.57,12.71,2.29,15,,,,,,,"GLL",
"B",18-09-2019,"1","0001","99","B102","00006364",,,," ","05","DIESEL PRO B5",1.68,10.08,11.89,16.95,3.05,20,,,,,,,"GLL",
"B",18-09-2019,"1","0001","99","B102","00006365",,,," ","02","GASOHOL 90",0.4,10.65,12.57,4.24,0.76,5,,,,,,,"GLL",
"B",18-09-2019,"1","0001","99","B102","00006366",,,," ","05","DIESEL PRO B5",1.68,10.08,11.89,16.95,3.05,20,,,,,,,"GLL",
"B",18-09-2019,"1","0001","99","B102","00006367",,,," ","02","GASOHOL 90",0.4,10.65,12.57,4.24,0.76,5,,,,,,,"GLL",
"B",18-09-2019,"1","0001","99","B102","00006368",,,," ","02","GASOHOL 90",1.59,10.65,12.57,16.95,3.05,20,,,,,,,"GLL",
"B",18-09-2019,"1","0001","99","B102","00006369",,,," ","02","GASOHOL 90",0.96,10.65,12.57,10.17,1.83,12,,,,,,,"GLL",
"B",18-09-2019,"1","0001","99","B102","00006370",,,," ","03","GASOHOL 95",2.21,11.50,13.57,25.42,4.58,30,,,,,,,"GLL",
"B",18-09-2019,"1","0001","99","B102","00006371",,,," ","05","DIESEL PRO B5",4.21,10.08,11.89,42.37,7.63,50,,,,,,,"GLL",
"B",18-09-2019,"1","0001","99","B102","00006372",,,," ","03","GASOHOL 95",7.85,11.50,13.57,90.26,16.25,106.51,,,,,,,"GLL",
"B",18-09-2019,"1","0001","99","B102","00006373",,,," ","02","GASOHOL 90",0.96,10.65,12.57,10.17,1.83,12,,,,,,,"GLL",
"B",18-09-2019,"1","0001","99","B102","00006374",,,," ","05","DIESEL PRO B5",1,10.08,11.89,10.08,1.81,11.89,,,,,,,"GLL",
"B",18-09-2019,"1","0001","99","B102","00006375",,,," ","03","GASOHOL 95",0.01,11.50,13.57,0.07,0.01,0.08,,,,,,,"GLL",
"B",18-09-2019,"1","0001","99","B102","00006376",,,," ","02","GASOHOL 90",0.8,10.65,12.57,8.47,1.53,10,,,,,,,"GLL",
"B",18-09-2019,"1","0001","99","B102","00006377",,,," ","05","DIESEL PRO B5",3,10.08,11.89,30.23,5.44,35.67,,,,,,,"GLL",
"B",18-09-2019,"1","0001","99","B102","00006378",,,," ","02","GASOHOL 90",0.4,10.65,12.57,4.24,0.76,5,,,,,,,"GLL",
"B",18-09-2019,"1","0001","99","B102","00006379",,,," ","02","GASOHOL 90",0.8,10.65,12.57,8.47,1.53,10,,,,,,,"GLL",
"B",18-09-2019,"1","0001","99","B102","00006380",,,," ","02","GASOHOL 90",1.99,10.65,12.57,21.19,3.81,25,,,,,,,"GLL",
"B",18-09-2019,"1","0001","99","B102","00006381",,,," ","02","GASOHOL 90",0.01,10.65,12.57,0.11,0.02,0.13,,,,,,,"GLL",
"B",18-09-2019,"1","0001","99","B102","00006382",,,," ","02","GASOHOL 90",1.18,10.65,12.57,12.58,2.27,14.85,,,,,,,"GLL",
"B",18-09-2019,"1","0001","99","B102","00006383",,,," ","02","GASOHOL 90",1.39,10.65,12.57,14.85,2.67,17.52,,,,,,,"GLL",
"B",18-09-2019,"1","0001","99","B102","00006384",,,," ","02","GASOHOL 90",0.8,10.65,12.57,8.53,1.53,10.06,,,,,,,"GLL",
"B",18-09-2019,"1","0001","99","B102","00006385",,,," ","02","GASOHOL 90",0.01,10.65,12.57,0.11,0.02,0.13,,,,,,,"GLL",
"B",18-09-2019,"1","0001","99","B102","00006386",,,," ","02","GASOHOL 90",0.01,10.65,12.57,0.11,0.02,0.13,,,,,,,"GLL",
"B",18-09-2019,"1","0001","99","B102","00006387",,,," ","02","GASOHOL 90",0.01,10.65,12.57,0.11,0.02,0.13,,,,,,,"GLL",
"B",18-09-2019,"1","0001","99","B102","00006388",,,," ","05","DIESEL PRO B5",2.52,10.08,11.89,25.42,4.58,30,,,,,,,"GLL",
"B",18-09-2019,"1","0001","99","B102","00006389",,,," ","02","GASOHOL 90",0.8,10.65,12.57,8.47,1.53,10,,,,,,,"GLL",
"B",18-09-2019,"1","0001","99","B102","00006390",,,," ","02","GASOHOL 90",1.19,10.65,12.57,12.71,2.29,15,,,,,,,"GLL",
"B",18-09-2019,"1","0001","99","B102","00006391",,,," ","02","GASOHOL 90",3.98,10.65,12.57,42.37,7.63,50,,,,,,,"GLL",
"B",18-09-2019,"1","0001","99","B102","00006392",,,," ","02","GASOHOL 90",3.98,10.65,12.57,42.37,7.63,50,,,,,,,"GLL",
"B",18-09-2019,"1","0001","99","B102","00006393",,,," ","05","DIESEL PRO B5",10.09,10.08,11.89,101.69,18.30,119.99,,,,,,,"GLL",
"B",18-09-2019,"1","0001","99","B102","00006394",,,," ","02","GASOHOL 90",1.59,10.65,12.57,16.95,3.05,20,,,,,,,"GLL",
"B",18-09-2019,"1","0001","99","B102","00006395",,,," ","02","GASOHOL 90",1,10.65,12.57,10.65,1.92,12.57,,,,,,,"GLL",
"B",18-09-2019,"1","0001","99","B102","00006396",,,," ","02","GASOHOL 90",0.8,10.65,12.57,8.47,1.53,10,,,,,,,"GLL",
"B",18-09-2019,"1","0001","99","B102","00006397",,,," ","02","GASOHOL 90",1.59,10.65,12.57,16.95,3.05,20,,,,,,,"GLL",
"B",18-09-2019,"1","0001","99","B102","00006398",,,," ","02","GASOHOL 90",0.4,10.65,12.57,4.24,0.76,5,,,,,,,"GLL",
"B",18-09-2019,"1","0001","99","B102","00006399",,,," ","03","GASOHOL 95",0.74,11.50,13.57,8.47,1.53,10,,,,,,,"GLL",
"B",18-09-2019,"1","0001","99","B102","00006400",,,," ","03","GASOHOL 95",1.47,11.50,13.57,16.95,3.05,20,,,,,,,"GLL",
"B",18-09-2019,"1","0001","99","B102","00006401",,,," ","03","GASOHOL 95",0.41,11.50,13.57,4.66,0.84,5.5,,,,,,,"GLL",
"B",18-09-2019,"1","0001","99","B102","00006402",,,," ","03","GASOHOL 95",1.47,11.50,13.57,16.95,3.05,20,,,,,,,"GLL",
"B",16-09-2019,"1","0001","99","B103","00016034",,,," ","07","GLP",8.77,0.97,1.14,8.47,1.53,10,,,,,,,"LTR",
"B",16-09-2019,"1","0001","99","B103","00016035",,,," ","07","GLP",26.32,0.97,1.14,25.42,4.58,30,,,,,,,"LTR",
"B",16-09-2019,"1","0001","99","B103","00016036",,,," ","07","GLP",4.39,0.97,1.14,4.24,0.76,5,,,,,,,"LTR",
"B",16-09-2019,"1","0001","99","B103","00016037",,,," ","07","GLP",2,0.97,1.14,1.93,0.35,2.28,,,,,,,"LTR",
"B",16-09-2019,"1","0001","99","B103","00016038",,,," ","07","GLP",13.16,0.97,1.14,12.71,2.29,15,,,,,,,"LTR",
"B",16-09-2019,"1","0001","99","B103","00016039",,,," ","07","GLP",17.54,0.97,1.14,16.95,3.05,20,,,,,,,"LTR",
"B",16-09-2019,"1","0001","99","B103","00016040",,,," ","07","GLP",19.29,0.97,1.14,18.64,3.35,21.99,,,,,,,"LTR",
"B",16-09-2019,"1","0001","99","B103","00016041",,,," ","07","GLP",8.77,0.97,1.14,8.47,1.53,10,,,,,,,"LTR",
"B",16-09-2019,"1","0001","99","B103","00016042",,,," ","07","GLP",26.32,0.97,1.14,25.42,4.58,30,,,,,,,"LTR",
"B",16-09-2019,"1","0001","99","B103","00016043",,,," ","07","GLP",38.33,0.97,1.14,37.03,6.66,43.69,,,,,,,"LTR",
"B",16-09-2019,"1","0001","99","B103","00016044",,,," ","07","GLP",19.33,0.97,1.14,18.68,3.36,22.04,,,,,,,"LTR",
"B",16-09-2019,"1","0001","99","B103","00016045",,,," ","07","GLP",2.38,0.97,1.14,2.30,0.41,2.71,,,,,,,"LTR",
"B",16-09-2019,"1","0001","99","B103","00016046",,,," ","07","GLP",0.04,0.97,1.14,0.04,0.01,0.05,,,,,,,"LTR",
"B",16-09-2019,"1","0001","99","B103","00016047",,,," ","07","GLP",20.18,0.97,1.14,19.49,3.51,23,,,,,,,"LTR",
"B",16-09-2019,"1","0001","99","B103","00016048",,,," ","07","GLP",51.86,0.97,1.14,50.10,9.02,59.12,,,,,,,"LTR",
"B",16-09-2019,"1","0001","99","B103","00016049",,,," ","07","GLP",18.3,0.97,1.14,17.68,3.18,20.86,,,,,,,"LTR",
"B",16-09-2019,"1","0001","99","B103","00016050",,,," ","07","GLP",8.77,0.97,1.14,8.47,1.53,10,,,,,,,"LTR",
"B",16-09-2019,"1","0001","99","B103","00016051",,,," ","07","GLP",17.54,0.97,1.14,16.95,3.05,20,,,,,,,"LTR",
"B",16-09-2019,"1","0001","99","B103","00016052",,,," ","07","GLP",21.93,0.97,1.14,21.19,3.81,25,,,,,,,"LTR",
"B",16-09-2019,"1","0001","99","B103","00016053",,,," ","07","GLP",8.77,0.97,1.14,8.47,1.53,10,,,,,,,"LTR",
"B",16-09-2019,"1","0001","99","B103","00016054",,,," ","07","GLP",22.2,0.97,1.14,21.45,3.86,25.31,,,,,,,"LTR",
"B",16-09-2019,"1","0001","99","B103","00016055",,,," ","07","GLP",21.73,0.97,1.14,20.99,3.78,24.77,,,,,,,"LTR",
"B",16-09-2019,"1","0001","99","B103","00016056",,,," ","07","GLP",12.9,0.97,1.14,12.46,2.24,14.7,,,,,,,"LTR",
"B",16-09-2019,"1","0001","99","B103","00016057",,,," ","07","GLP",26.32,0.97,1.14,25.42,4.58,30,,,,,,,"LTR",
"B",16-09-2019,"1","0001","99","B103","00016058",,,," ","07","GLP",4.39,0.97,1.14,4.24,0.76,5,,,,,,,"LTR",
"B",16-09-2019,"1","0001","99","B103","00016059",,,," ","07","GLP",8.77,0.97,1.14,8.47,1.53,10,,,,,,,"LTR",
"B",16-09-2019,"1","0001","99","B103","00016060",,,," ","07","GLP",13.16,0.97,1.14,12.71,2.29,15,,,,,,,"LTR",
"B",16-09-2019,"1","0001","99","B103","00016061",,,," ","07","GLP",50.73,0.97,1.14,49.01,8.82,57.83,,,,,,,"LTR",
"B",16-09-2019,"1","0001","99","B103","00016062",,,," ","07","GLP",15.79,0.97,1.14,15.25,2.75,18,,,,,,,"LTR",
"B",16-09-2019,"1","0001","99","B103","00016063",,,," ","07","GLP",8.53,0.97,1.14,8.24,1.48,9.72,,,,,,,"LTR",
"B",16-09-2019,"1","0001","99","B103","00016064",,,," ","07","GLP",24.01,0.97,1.14,23.19,4.18,27.37,,,,,,,"LTR",
"B",16-09-2019,"1","0001","99","B103","00016065",,,," ","07","GLP",11.88,0.97,1.14,11.47,2.07,13.54,,,,,,,"LTR",
"B",16-09-2019,"1","0001","99","B103","00016066",,,," ","07","GLP",17.54,0.97,1.14,16.95,3.05,20,,,,,,,"LTR",
"B",16-09-2019,"1","0001","99","B103","00016067",,,," ","07","GLP",16.68,0.97,1.14,16.12,2.90,19.02,,,,,,,"LTR",
"B",16-09-2019,"1","0001","99","B103","00016068",,,," ","07","GLP",17.54,0.97,1.14,16.95,3.05,20,,,,,,,"LTR",
"B",16-09-2019,"1","0001","99","B103","00016069",,,," ","07","GLP",14.16,0.97,1.14,13.68,2.46,16.14,,,,,,,"LTR",
"B",16-09-2019,"1","0001","99","B103","00016070",,,," ","07","GLP",26.32,0.97,1.14,25.42,4.58,30,,,,,,,"LTR",
"B",16-09-2019,"1","0001","99","B103","00016071",,,," ","07","GLP",10.53,0.97,1.14,10.17,1.83,12,,,,,,,"LTR",
"B",16-09-2019,"1","0001","99","B103","00016072",,,," ","07","GLP",23.25,0.97,1.14,22.46,4.04,26.5,,,,,,,"LTR",
"B",16-09-2019,"1","0001","99","B103","00016073",,,," ","07","GLP",35.09,0.97,1.14,33.90,6.10,40,,,,,,,"LTR",
"B",16-09-2019,"1","0001","99","B103","00016074",,,," ","07","GLP",12.21,0.97,1.14,11.80,2.12,13.92,,,,,,,"LTR",
"B",16-09-2019,"1","0001","99","B103","00016075",,,," ","07","GLP",13.16,0.97,1.14,12.71,2.29,15,,,,,,,"LTR",
"B",16-09-2019,"1","0001","99","B103","00016076",,,," ","07","GLP",5.26,0.97,1.14,5.08,0.92,6,,,,,,,"LTR",
"B",16-09-2019,"1","0001","99","B103","00016077",,,," ","07","GLP",16.36,0.97,1.14,15.81,2.84,18.65,,,,,,,"LTR",
"B",16-09-2019,"1","0001","99","B103","00016078",,,," ","07","GLP",8.09,0.97,1.14,7.81,1.41,9.22,,,,,,,"LTR",
"B",16-09-2019,"1","0001","99","B103","00016079",,,," ","07","GLP",41.67,0.97,1.14,40.25,7.25,47.5,,,,,,,"LTR",
"B",16-09-2019,"1","0001","99","B103","00016080",,,," ","07","GLP",17.7,0.97,1.14,17.10,3.08,20.18,,,,,,,"LTR",
"B",16-09-2019,"1","0001","99","B103","00016081",,,," ","07","GLP",8.77,0.97,1.14,8.47,1.53,10,,,,,,,"LTR",
"B",16-09-2019,"1","0001","99","B103","00016082",,,," ","07","GLP",17.54,0.97,1.14,16.95,3.05,20,,,,,,,"LTR",
"B",16-09-2019,"1","0001","99","B103","00016083",,,," ","07","GLP",41.14,0.97,1.14,39.75,7.15,46.9,,,,,,,"LTR",
"B",16-09-2019,"1","0001","99","B103","00016084",,,," ","07","GLP",9.71,0.97,1.14,9.38,1.69,11.07,,,,,,,"LTR",
"B",16-09-2019,"1","0001","99","B103","00016085",,,," ","07","GLP",10.09,0.97,1.14,9.75,1.75,11.5,,,,,,,"LTR",
"B",16-09-2019,"1","0001","99","B103","00016086",,,," ","07","GLP",8.77,0.97,1.14,8.47,1.53,10,,,,,,,"LTR",
"B",16-09-2019,"1","0001","99","B103","00016087",,,," ","07","GLP",8.77,0.97,1.14,8.47,1.53,10,,,,,,,"LTR",
"B",16-09-2019,"1","0001","99","B103","00016088",,,," ","07","GLP",19.72,0.97,1.14,19.05,3.43,22.48,,,,,,,"LTR",
"B",16-09-2019,"1","0001","99","B103","00016089",,,," ","07","GLP",0.7,0.97,1.14,0.68,0.12,0.8,,,,,,,"LTR",
"B",16-09-2019,"1","0001","99","B103","00016090",,,," ","07","GLP",8.77,0.97,1.14,8.47,1.53,10,,,,,,,"LTR",
"B",16-09-2019,"1","0001","99","B103","00016091",,,," ","07","GLP",17.54,0.97,1.14,16.95,3.05,20,,,,,,,"LTR",
"B",16-09-2019,"1","0001","99","B103","00016092",,,," ","07","GLP",16.67,0.97,1.14,16.10,2.90,19,,,,,,,"LTR",
"B",16-09-2019,"1","0001","99","B103","00016093",,,," ","07","GLP",0.03,0.97,1.14,0.03,0.00,0.03,,,,,,,"LTR",
"B",16-09-2019,"1","0001","99","B103","00016094",,,," ","07","GLP",3.43,0.97,1.14,3.31,0.60,3.91,,,,,,,"LTR",
"B",16-09-2019,"1","0001","99","B103","00016095",,,," ","07","GLP",10,0.97,1.14,9.66,1.74,11.4,,,,,,,"LTR",
"B",16-09-2019,"1","0001","99","B103","00016096",,,," ","07","GLP",7.72,0.97,1.14,7.46,1.34,8.8,,,,,,,"LTR",
"B",16-09-2019,"1","0001","99","B103","00016097",,,," ","07","GLP",15.54,0.97,1.14,15.01,2.70,17.71,,,,,,,"LTR",
"B",16-09-2019,"1","0001","99","B103","00016098",,,," ","07","GLP",17.11,0.97,1.14,16.53,2.98,19.51,,,,,,,"LTR",
"B",16-09-2019,"1","0001","99","B103","00016099",,,," ","07","GLP",31.68,0.97,1.14,30.60,5.51,36.11,,,,,,,"LTR",
"B",16-09-2019,"1","0001","99","B103","00016100",,,," ","07","GLP",7.02,0.97,1.14,6.78,1.22,8,,,,,,,"LTR",
"B",16-09-2019,"1","0001","99","B103","00016101",,,," ","07","GLP",12.92,0.97,1.14,12.48,2.25,14.73,,,,,,,"LTR",
"B",16-09-2019,"1","0001","99","B103","00016102",,,," ","07","GLP",15.96,0.97,1.14,15.42,2.77,18.19,,,,,,,"LTR",
"B",16-09-2019,"1","0001","99","B103","00016103",,,," ","07","GLP",17.54,0.97,1.14,16.95,3.05,20,,,,,,,"LTR",
"B",16-09-2019,"1","0001","99","B103","00016104",,,," ","07","GLP",17.54,0.97,1.14,16.95,3.05,20,,,,,,,"LTR",
"B",16-09-2019,"1","0001","99","B103","00016105",,,," ","07","GLP",17.54,0.97,1.14,16.95,3.05,20,,,,,,,"LTR",
"B",16-09-2019,"1","0001","99","B103","00016106",,,," ","07","GLP",17.55,0.97,1.14,16.96,3.05,20.01,,,,,,,"LTR",
"B",16-09-2019,"1","0001","99","B103","00016107",,,," ","07","GLP",8.77,0.97,1.14,8.47,1.53,10,,,,,,,"LTR",
"B",16-09-2019,"1","0001","99","B103","00016108",,,," ","07","GLP",13.16,0.97,1.14,12.71,2.29,15,,,,,,,"LTR",
"B",16-09-2019,"1","0001","99","B103","00016109",,,," ","07","GLP",8.77,0.97,1.14,8.47,1.53,10,,,,,,,"LTR",
"B",16-09-2019,"1","0001","99","B103","00016110",,,," ","07","GLP",8.77,0.97,1.14,8.47,1.53,10,,,,,,,"LTR",
"B",16-09-2019,"1","0001","99","B103","00016111",,,," ","07","GLP",8.77,0.97,1.14,8.47,1.53,10,,,,,,,"LTR",
"B",16-09-2019,"1","0001","99","B103","00016112",,,," ","07","GLP",4.39,0.97,1.14,4.24,0.76,5,,,,,,,"LTR",
"B",16-09-2019,"1","0001","99","B103","00016113",,,," ","07","GLP",8.77,0.97,1.14,8.47,1.53,10,,,,,,,"LTR",
"B",16-09-2019,"1","0001","99","B103","00016114",,,," ","07","GLP",3.51,0.97,1.14,3.39,0.61,4,,,,,,,"LTR",
"B",16-09-2019,"1","0001","99","B103","00016115",,,," ","07","GLP",9.83,0.97,1.14,9.49,1.71,11.2,,,,,,,"LTR",
"B",16-09-2019,"1","0001","99","B103","00016116",,,," ","07","GLP",8.78,0.97,1.14,8.48,1.53,10.01,,,,,,,"LTR",
"B",16-09-2019,"1","0001","99","B103","00016117",,,," ","07","GLP",8.77,0.97,1.14,8.47,1.53,10,,,,,,,"LTR",
"B",16-09-2019,"1","0001","99","B103","00016118",,,," ","07","GLP",21.66,0.97,1.14,20.92,3.77,24.69,,,,,,,"LTR",
"B",17-09-2019,"1","0001","99","B103","00016119",,,," ","07","GLP",8.77,0.97,1.14,8.47,1.53,10,,,,,,,"LTR",
"B",17-09-2019,"1","0001","99","B103","00016120",,,," ","07","GLP",26.21,0.97,1.14,25.32,4.56,29.88,,,,,,,"LTR",
"B",17-09-2019,"1","0001","99","B103","00016121",,,," ","07","GLP",6.82,0.97,1.14,6.58,1.19,7.77,,,,,,,"LTR",
"B",17-09-2019,"1","0001","99","B103","00016122",,,," ","07","GLP",8.77,0.97,1.14,8.47,1.53,10,,,,,,,"LTR",
"B",17-09-2019,"1","0001","99","B103","00016123",,,," ","07","GLP",17.54,0.97,1.14,16.95,3.05,20,,,,,,,"LTR",
"B",17-09-2019,"1","0001","99","B103","00016124",,,," ","07","GLP",13.16,0.97,1.14,12.71,2.29,15,,,,,,,"LTR",
"B",17-09-2019,"1","0001","99","B103","00016125",,,," ","07","GLP",17.54,0.97,1.14,16.95,3.05,20,,,,,,,"LTR",
"B",17-09-2019,"1","0001","99","B103","00016126",,,," ","07","GLP",7.64,0.97,1.14,7.38,1.33,8.71,,,,,,,"LTR",
"B",17-09-2019,"1","0001","99","B103","00016127",,,," ","07","GLP",8.77,0.97,1.14,8.47,1.53,10,,,,,,,"LTR",
"B",17-09-2019,"1","0001","99","B103","00016128",,,," ","07","GLP",5.26,0.97,1.14,5.08,0.92,6,,,,,,,"LTR",
"B",17-09-2019,"1","0001","99","B103","00016129",,,," ","07","GLP",27.73,0.97,1.14,26.79,4.82,31.61,,,,,,,"LTR",
"B",17-09-2019,"1","0001","99","B103","00016130",,,," ","07","GLP",26.99,0.97,1.14,26.08,4.69,30.77,,,,,,,"LTR",
"B",17-09-2019,"1","0001","99","B103","00016131",,,," ","07","GLP",17.54,0.97,1.14,16.95,3.05,20,,,,,,,"LTR",
"B",17-09-2019,"1","0001","99","B103","00016132",,,," ","07","GLP",6.54,0.97,1.14,6.31,1.14,7.45,,,,,,,"LTR",
"B",17-09-2019,"1","0001","99","B103","00016133",,,," ","07","GLP",16.23,0.97,1.14,15.68,2.82,18.5,,,,,,,"LTR",
"B",17-09-2019,"1","0001","99","B103","00016134",,,," ","07","GLP",31.15,0.97,1.14,30.09,5.42,35.51,,,,,,,"LTR",
"B",17-09-2019,"1","0001","99","B103","00016135",,,," ","07","GLP",21.93,0.97,1.14,21.19,3.81,25,,,,,,,"LTR",
"B",17-09-2019,"1","0001","99","B103","00016136",,,," ","07","GLP",10.5,0.97,1.14,10.14,1.83,11.97,,,,,,,"LTR",
"B",17-09-2019,"1","0001","99","B103","00016137",,,," ","07","GLP",24.91,0.97,1.14,24.07,4.33,28.4,,,,,,,"LTR",
"B",17-09-2019,"1","0001","99","B103","00016138",,,," ","07","GLP",21.93,0.97,1.14,21.19,3.81,25,,,,,,,"LTR",
"B",17-09-2019,"1","0001","99","B103","00016139",,,," ","07","GLP",17.54,0.97,1.14,16.95,3.05,20,,,,,,,"LTR",
"B",17-09-2019,"1","0001","99","B103","00016140",,,," ","07","GLP",5.26,0.97,1.14,5.08,0.92,6,,,,,,,"LTR",
"B",17-09-2019,"1","0001","99","B103","00016141",,,," ","07","GLP",8.77,0.97,1.14,8.47,1.53,10,,,,,,,"LTR",
"B",17-09-2019,"1","0001","99","B103","00016142",,,," ","07","GLP",26.32,0.97,1.14,25.42,4.58,30,,,,,,,"LTR",
"B",17-09-2019,"1","0001","99","B103","00016143",,,," ","07","GLP",17.54,0.97,1.14,16.95,3.05,20,,,,,,,"LTR",
"B",17-09-2019,"1","0001","99","B103","00016144",,,," ","07","GLP",21.49,0.97,1.14,20.76,3.74,24.5,,,,,,,"LTR",
"B",17-09-2019,"1","0001","99","B103","00016145",,,," ","07","GLP",4.39,0.97,1.14,4.24,0.76,5,,,,,,,"LTR",
"B",17-09-2019,"1","0001","99","B103","00016146",,,," ","07","GLP",8.77,0.97,1.14,8.47,1.53,10,,,,,,,"LTR",
"B",17-09-2019,"1","0001","99","B103","00016147",,,," ","07","GLP",21.93,0.97,1.14,21.19,3.81,25,,,,,,,"LTR",
"B",17-09-2019,"1","0001","99","B103","00016148",,,," ","07","GLP",13.16,0.97,1.14,12.71,2.29,15,,,,,,,"LTR",
"B",17-09-2019,"1","0001","99","B103","00016149",,,," ","07","GLP",4.39,0.97,1.14,4.24,0.76,5,,,,,,,"LTR",
"B",17-09-2019,"1","0001","99","B103","00016150",,,," ","07","GLP",6.14,0.97,1.14,5.93,1.07,7,,,,,,,"LTR",
"B",17-09-2019,"1","0001","99","B103","00016151",,,," ","07","GLP",7.02,0.97,1.14,6.78,1.22,8,,,,,,,"LTR",
"B",17-09-2019,"1","0001","99","B103","00016152",,,," ","07","GLP",19.31,0.97,1.14,18.65,3.36,22.01,,,,,,,"LTR",
"B",17-09-2019,"1","0001","99","B103","00016153",,,," ","07","GLP",6.79,0.97,1.14,6.56,1.18,7.74,,,,,,,"LTR",
"B",17-09-2019,"1","0001","99","B103","00016154",,,," ","07","GLP",26.32,0.97,1.14,25.42,4.58,30,,,,,,,"LTR",
"B",17-09-2019,"1","0001","99","B103","00016155",,,," ","07","GLP",35.09,0.97,1.14,33.90,6.10,40,,,,,,,"LTR",
"B",17-09-2019,"1","0001","99","B103","00016156",,,," ","07","GLP",12.86,0.97,1.14,12.42,2.24,14.66,,,,,,,"LTR",
"B",17-09-2019,"1","0001","99","B103","00016157",,,," ","07","GLP",7.03,0.97,1.14,6.79,1.22,8.01,,,,,,,"LTR",
"B",17-09-2019,"1","0001","99","B103","00016158",,,," ","07","GLP",13.16,0.97,1.14,12.71,2.29,15,,,,,,,"LTR",
"B",17-09-2019,"1","0001","99","B103","00016159",,,," ","07","GLP",21.44,0.97,1.14,20.71,3.73,24.44,,,,,,,"LTR",
"B",17-09-2019,"1","0001","99","B103","00016160",,,," ","07","GLP",4.39,0.97,1.14,4.24,0.76,5,,,,,,,"LTR",
"B",17-09-2019,"1","0001","99","B103","00016161",,,," ","07","GLP",8.77,0.97,1.14,8.47,1.53,10,,,,,,,"LTR",
"B",17-09-2019,"1","0001","99","B103","00016162",,,," ","07","GLP",1.4,0.97,1.14,1.36,0.24,1.6,,,,,,,"LTR",
"B",17-09-2019,"1","0001","99","B103","00016163",,,," ","07","GLP",25.44,0.97,1.14,24.58,4.42,29,,,,,,,"LTR",
"B",17-09-2019,"1","0001","99","B103","00016164",,,," ","07","GLP",13.98,0.97,1.14,13.51,2.43,15.94,,,,,,,"LTR",
"B",17-09-2019,"1","0001","99","B103","00016165",,,," ","07","GLP",36.93,0.97,1.14,35.68,6.42,42.1,,,,,,,"LTR",
"B",17-09-2019,"1","0001","99","B103","00016166",,,," ","07","GLP",17.54,0.97,1.14,16.95,3.05,20,,,,,,,"LTR",
"B",17-09-2019,"1","0001","99","B103","00016167",,,," ","07","GLP",37.11,0.97,1.14,35.85,6.45,42.3,,,,,,,"LTR",
"B",17-09-2019,"1","0001","99","B103","00016168",,,," ","07","GLP",33.86,0.97,1.14,32.71,5.89,38.6,,,,,,,"LTR",
"B",17-09-2019,"1","0001","99","B103","00016169",,,," ","07","GLP",10.53,0.97,1.14,10.17,1.83,12,,,,,,,"LTR",
"B",17-09-2019,"1","0001","99","B103","00016170",,,," ","07","GLP",19.61,0.97,1.14,18.95,3.41,22.36,,,,,,,"LTR",
"B",17-09-2019,"1","0001","99","B103","00016171",,,," ","07","GLP",32.23,0.97,1.14,31.14,5.60,36.74,,,,,,,"LTR",
"B",17-09-2019,"1","0001","99","B103","00016172",,,," ","07","GLP",58.6,0.97,1.14,56.61,10.19,66.8,,,,,,,"LTR",
"B",17-09-2019,"1","0001","99","B103","00016173",,,," ","07","GLP",12.28,0.97,1.14,11.86,2.14,14,,,,,,,"LTR",
"B",17-09-2019,"1","0001","99","B103","00016174",,,," ","07","GLP",8.95,0.97,1.14,8.64,1.56,10.2,,,,,,,"LTR",
"B",17-09-2019,"1","0001","99","B103","00016175",,,," ","07","GLP",10.53,0.97,1.14,10.17,1.83,12,,,,,,,"LTR",
"B",17-09-2019,"1","0001","99","B103","00016176",,,," ","07","GLP",30.99,0.97,1.14,29.94,5.39,35.33,,,,,,,"LTR",
"B",17-09-2019,"1","0001","99","B103","00016177",,,," ","07","GLP",4.39,0.97,1.14,4.24,0.76,5,,,,,,,"LTR",
"B",17-09-2019,"1","0001","99","B103","00016178",,,," ","07","GLP",17.54,0.97,1.14,16.95,3.05,20,,,,,,,"LTR",
"B",17-09-2019,"1","0001","99","B103","00016179",,,," ","07","GLP",22.81,0.97,1.14,22.03,3.97,26,,,,,,,"LTR",
"B",17-09-2019,"1","0001","99","B103","00016180",,,," ","07","GLP",24.91,0.97,1.14,24.07,4.33,28.4,,,,,,,"LTR",
"B",17-09-2019,"1","0001","99","B103","00016181",,,," ","07","GLP",8.77,0.97,1.14,8.47,1.53,10,,,,,,,"LTR",
"B",17-09-2019,"1","0001","99","B103","00016182",,,," ","07","GLP",8.77,0.97,1.14,8.47,1.53,10,,,,,,,"LTR",
"B",17-09-2019,"1","0001","99","B103","00016183",,,," ","07","GLP",17.54,0.97,1.14,16.95,3.05,20,,,,,,,"LTR",
"B",17-09-2019,"1","0001","99","B103","00016184",,,," ","07","GLP",12.54,0.97,1.14,12.12,2.18,14.3,,,,,,,"LTR",
"B",17-09-2019,"1","0001","99","B103","00016185",,,," ","07","GLP",8.77,0.97,1.14,8.47,1.53,10,,,,,,,"LTR",
"B",17-09-2019,"1","0001","99","B103","00016186",,,," ","07","GLP",8.77,0.97,1.14,8.47,1.53,10,,,,,,,"LTR",
"B",17-09-2019,"1","0001","99","B103","00016187",,,," ","07","GLP",17.54,0.97,1.14,16.95,3.05,20,,,,,,,"LTR",
"B",17-09-2019,"1","0001","99","B103","00016188",,,," ","07","GLP",20.85,0.97,1.14,20.14,3.63,23.77,,,,,,,"LTR",
"B",17-09-2019,"1","0001","99","B103","00016189",,,," ","07","GLP",3.19,0.97,1.14,3.08,0.56,3.64,,,,,,,"LTR",
"B",17-09-2019,"1","0001","99","B103","00016190",,,," ","07","GLP",17.54,0.97,1.14,16.95,3.05,20,,,,,,,"LTR",
"B",17-09-2019,"1","0001","99","B103","00016191",,,," ","07","GLP",4.21,0.97,1.14,4.07,0.73,4.8,,,,,,,"LTR",
"B",17-09-2019,"1","0001","99","B103","00016192",,,," ","07","GLP",21.38,0.97,1.14,20.65,3.72,24.37,,,,,,,"LTR",
"B",17-09-2019,"1","0001","99","B103","00016193",,,," ","07","GLP",8.77,0.97,1.14,8.47,1.53,10,,,,,,,"LTR",
"B",17-09-2019,"1","0001","99","B103","00016194",,,," ","07","GLP",17.56,0.97,1.14,16.97,3.05,20.02,,,,,,,"LTR",
"B",17-09-2019,"1","0001","99","B103","00016195",,,," ","07","GLP",17.54,0.97,1.14,16.95,3.05,20,,,,,,,"LTR",
"B",17-09-2019,"1","0001","99","B103","00016196",,,," ","07","GLP",8.77,0.97,1.14,8.47,1.53,10,,,,,,,"LTR",
"B",17-09-2019,"1","0001","99","B103","00016197",,,," ","07","GLP",8.77,0.97,1.14,8.47,1.53,10,,,,,,,"LTR",
"B",17-09-2019,"1","0001","99","B103","00016198",,,," ","07","GLP",17.54,0.97,1.14,16.95,3.05,20,,,,,,,"LTR",
"B",17-09-2019,"1","0001","99","B103","00016199",,,," ","07","GLP",8.77,0.97,1.14,8.47,1.53,10,,,,,,,"LTR",
"B",17-09-2019,"1","0001","99","B103","00016200",,,," ","07","GLP",13.16,0.97,1.14,12.71,2.29,15,,,,,,,"LTR",
"B",17-09-2019,"1","0001","99","B103","00016201",,,," ","07","GLP",13.16,0.97,1.14,12.71,2.29,15,,,,,,,"LTR",
"B",17-09-2019,"1","0001","99","B103","00016202",,,," ","07","GLP",11.77,0.97,1.14,11.37,2.05,13.42,,,,,,,"LTR",
"B",17-09-2019,"1","0001","99","B103","00016203",,,," ","07","GLP",0.08,0.97,1.14,0.08,0.01,0.09,,,,,,,"LTR",
"B",17-09-2019,"1","0001","99","B103","00016204",,,," ","07","GLP",5.26,0.97,1.14,5.08,0.92,6,,,,,,,"LTR",
"B",17-09-2019,"1","0001","99","B103","00016205",,,," ","07","GLP",40.36,0.97,1.14,38.99,7.02,46.01,,,,,,,"LTR",
"B",17-09-2019,"1","0001","99","B103","00016206",,,," ","07","GLP",28.18,0.97,1.14,27.23,4.90,32.13,,,,,,,"LTR",
"B",17-09-2019,"1","0001","99","B103","00016207",,,," ","07","GLP",45.78,0.97,1.14,44.23,7.96,52.19,,,,,,,"LTR",
"B",17-09-2019,"1","0001","99","B103","00016208",,,," ","07","GLP",5.6,0.97,1.14,5.41,0.97,6.38,,,,,,,"LTR",
"B",17-09-2019,"1","0001","99","B103","00016209",,,," ","07","GLP",1.22,0.97,1.14,1.18,0.21,1.39,,,,,,,"LTR",
"B",17-09-2019,"1","0001","99","B103","00016210",,,," ","07","GLP",8.77,0.97,1.14,8.47,1.53,10,,,,,,,"LTR",
"B",17-09-2019,"1","0001","99","B103","00016211",,,," ","07","GLP",17.54,0.97,1.14,16.95,3.05,20,,,,,,,"LTR",
"B",17-09-2019,"1","0001","99","B103","00016212",,,," ","07","GLP",13.16,0.97,1.14,12.71,2.29,15,,,,,,,"LTR",
"B",17-09-2019,"1","0001","99","B103","00016213",,,," ","07","GLP",8.77,0.97,1.14,8.47,1.53,10,,,,,,,"LTR",
"B",17-09-2019,"1","0001","99","B103","00016214",,,," ","07","GLP",17.54,0.97,1.14,16.95,3.05,20,,,,,,,"LTR",
"B",18-09-2019,"1","0001","99","B103","00016215",,,," ","07","GLP",17.54,0.97,1.14,16.94,3.05,19.99,,,,,,,"LTR",
"B",18-09-2019,"1","0001","99","B103","00016216",,,," ","07","GLP",21.2,0.97,1.14,20.48,3.69,24.17,,,,,,,"LTR",
"B",18-09-2019,"1","0001","99","B103","00016217",,,," ","07","GLP",17.54,0.97,1.14,16.95,3.05,20,,,,,,,"LTR",
"B",18-09-2019,"1","0001","99","B103","00016218",,,," ","07","GLP",8.4,0.97,1.14,8.12,1.46,9.58,,,,,,,"LTR",
"B",18-09-2019,"1","0001","99","B103","00016219",,,," ","07","GLP",17.54,0.97,1.14,16.95,3.05,20,,,,,,,"LTR",
"B",18-09-2019,"1","0001","99","B103","00016220",,,," ","07","GLP",32.93,0.97,1.14,31.81,5.73,37.54,,,,,,,"LTR",
"B",18-09-2019,"1","0001","99","B103","00016221",,,," ","07","GLP",8.77,0.97,1.14,8.47,1.53,10,,,,,,,"LTR",
"B",18-09-2019,"1","0001","99","B103","00016222",,,," ","07","GLP",22.45,0.97,1.14,21.69,3.90,25.59,,,,,,,"LTR",
"B",18-09-2019,"1","0001","99","B103","00016223",,,," ","07","GLP",15.18,0.97,1.14,14.66,2.64,17.3,,,,,,,"LTR",
"B",18-09-2019,"1","0001","99","B103","00016224",,,," ","07","GLP",7.88,0.97,1.14,7.61,1.37,8.98,,,,,,,"LTR",
"B",18-09-2019,"1","0001","99","B103","00016225",,,," ","07","GLP",17.54,0.97,1.14,16.95,3.05,20,,,,,,,"LTR",
"B",18-09-2019,"1","0001","99","B103","00016226",,,," ","07","GLP",13.16,0.97,1.14,12.71,2.29,15,,,,,,,"LTR",
"B",18-09-2019,"1","0001","99","B103","00016227",,,," ","07","GLP",6.15,0.97,1.14,5.94,1.07,7.01,,,,,,,"LTR",
"B",18-09-2019,"1","0001","99","B103","00016228",,,," ","07","GLP",26.32,0.97,1.14,25.42,4.58,30,,,,,,,"LTR",
"B",18-09-2019,"1","0001","99","B103","00016229",,,," ","07","GLP",8.69,0.97,1.14,8.40,1.51,9.91,,,,,,,"LTR",
"B",18-09-2019,"1","0001","99","B103","00016230",,,," ","07","GLP",25.84,0.97,1.14,24.97,4.49,29.46,,,,,,,"LTR",
"B",18-09-2019,"1","0001","99","B103","00016231",,,," ","07","GLP",42.18,0.97,1.14,40.75,7.33,48.08,,,,,,,"LTR",
"B",18-09-2019,"1","0001","99","B103","00016232",,,," ","07","GLP",8.77,0.97,1.14,8.47,1.53,10,,,,,,,"LTR",
"B",18-09-2019,"1","0001","99","B103","00016233",,,," ","07","GLP",8.33,0.97,1.14,8.05,1.45,9.5,,,,,,,"LTR",
"B",18-09-2019,"1","0001","99","B103","00016234",,,," ","07","GLP",10.53,0.97,1.14,10.17,1.83,12,,,,,,,"LTR",
"B",18-09-2019,"1","0001","99","B103","00016235",,,," ","07","GLP",8.77,0.97,1.14,8.47,1.53,10,,,,,,,"LTR",
"B",18-09-2019,"1","0001","99","B103","00016236",,,," ","07","GLP",32.85,0.97,1.14,31.74,5.71,37.45,,,,,,,"LTR",
"B",18-09-2019,"1","0001","99","B103","00016237",,,," ","07","GLP",30.7,0.97,1.14,29.66,5.34,35,,,,,,,"LTR",
"B",18-09-2019,"1","0001","99","B103","00016238",,,," ","07","GLP",8.77,0.97,1.14,8.47,1.53,10,,,,,,,"LTR",
"B",18-09-2019,"1","0001","99","B103","00016239",,,," ","07","GLP",43.86,0.97,1.14,42.37,7.63,50,,,,,,,"LTR",
"B",18-09-2019,"1","0001","99","B103","00016240",,,," ","07","GLP",51.87,0.97,1.14,50.11,9.02,59.13,,,,,,,"LTR",
"B",18-09-2019,"1","0001","99","B103","00016241",,,," ","07","GLP",17.54,0.97,1.14,16.95,3.05,20,,,,,,,"LTR",
"B",18-09-2019,"1","0001","99","B103","00016242",,,," ","07","GLP",17.54,0.97,1.14,16.95,3.05,20,,,,,,,"LTR",
"B",18-09-2019,"1","0001","99","B103","00016243",,,," ","07","GLP",7.02,0.97,1.14,6.78,1.22,8,,,,,,,"LTR",
"B",18-09-2019,"1","0001","99","B103","00016244",,,," ","07","GLP",4.39,0.97,1.14,4.24,0.76,5,,,,,,,"LTR",
"B",18-09-2019,"1","0001","99","B103","00016245",,,," ","07","GLP",51.16,0.97,1.14,49.42,8.90,58.32,,,,,,,"LTR",
"B",18-09-2019,"1","0001","99","B103","00016246",,,," ","07","GLP",10.53,0.97,1.14,10.17,1.83,12,,,,,,,"LTR",
"B",18-09-2019,"1","0001","99","B103","00016247",,,," ","07","GLP",3.52,0.97,1.14,3.40,0.61,4.01,,,,,,,"LTR",
"B",18-09-2019,"1","0001","99","B103","00016248",,,," ","07","GLP",13.16,0.97,1.14,12.71,2.29,15,,,,,,,"LTR",
"B",18-09-2019,"1","0001","99","B103","00016249",,,," ","07","GLP",35.09,0.97,1.14,33.90,6.10,40,,,,,,,"LTR",
"B",18-09-2019,"1","0001","99","B103","00016250",,,," ","07","GLP",1.32,0.97,1.14,1.27,0.23,1.5,,,,,,,"LTR",
"B",18-09-2019,"1","0001","99","B103","00016251",,,," ","07","GLP",0.88,0.97,1.14,0.85,0.15,1,,,,,,,"LTR",
"B",18-09-2019,"1","0001","99","B103","00016252",,,," ","07","GLP",32.96,0.97,1.14,31.84,5.73,37.57,,,,,,,"LTR",
"B",18-09-2019,"1","0001","99","B103","00016253",,,," ","07","GLP",9.57,0.97,1.14,9.25,1.66,10.91,,,,,,,"LTR",
"B",18-09-2019,"1","0001","99","B103","00016254",,,," ","07","GLP",17.54,0.97,1.14,16.95,3.05,20,,,,,,,"LTR",
"B",18-09-2019,"1","0001","99","B103","00016255",,,," ","07","GLP",1.58,0.97,1.14,1.53,0.27,1.8,,,,,,,"LTR",
"B",18-09-2019,"1","0001","99","B103","00016256",,,," ","07","GLP",3.77,0.97,1.14,3.64,0.66,4.3,,,,,,,"LTR",
"B",18-09-2019,"1","0001","99","B103","00016257",,,," ","07","GLP",10.98,0.97,1.14,10.61,1.91,12.52,,,,,,,"LTR",
"B",18-09-2019,"1","0001","99","B103","00016258",,,," ","07","GLP",23.47,0.97,1.14,22.67,4.08,26.75,,,,,,,"LTR",
"B",18-09-2019,"1","0001","99","B103","00016259",,,," ","07","GLP",16.08,0.97,1.14,15.53,2.80,18.33,,,,,,,"LTR",
"B",18-09-2019,"1","0001","99","B103","00016260",,,," ","07","GLP",41.5,0.97,1.14,40.09,7.22,47.31,,,,,,,"LTR",
"B",18-09-2019,"1","0001","99","B103","00016261",,,," ","07","GLP",0.04,0.97,1.14,0.03,0.01,0.04,,,,,,,"LTR",
"B",18-09-2019,"1","0001","99","B103","00016262",,,," ","07","GLP",15.9,0.97,1.14,15.36,2.77,18.13,,,,,,,"LTR",
"B",18-09-2019,"1","0001","99","B103","00016263",,,," ","07","GLP",6.45,0.97,1.14,6.23,1.12,7.35,,,,,,,"LTR",
"B",18-09-2019,"1","0001","99","B103","00016264",,,," ","07","GLP",8.77,0.97,1.14,8.47,1.53,10,,,,,,,"LTR",
"B",18-09-2019,"1","0001","99","B103","00016265",,,," ","07","GLP",19.29,0.97,1.14,18.64,3.35,21.99,,,,,,,"LTR",
"B",18-09-2019,"1","0001","99","B103","00016266",,,," ","07","GLP",10.4,0.97,1.14,10.05,1.81,11.86,,,,,,,"LTR",
"B",18-09-2019,"1","0001","99","B103","00016267",,,," ","07","GLP",12.72,0.97,1.14,12.29,2.21,14.5,,,,,,,"LTR",
"B",18-09-2019,"1","0001","99","B103","00016268",,,," ","07","GLP",19.98,0.97,1.14,19.31,3.47,22.78,,,,,,,"LTR",
"B",18-09-2019,"1","0001","99","B103","00016269",,,," ","07","GLP",21.93,0.97,1.14,21.19,3.81,25,,,,,,,"LTR",
"B",18-09-2019,"1","0001","99","B103","00016270",,,," ","07","GLP",16.47,0.97,1.14,15.91,2.86,18.77,,,,,,,"LTR",
"B",18-09-2019,"1","0001","99","B103","00016271",,,," ","07","GLP",10.53,0.97,1.14,10.17,1.83,12,,,,,,,"LTR",
"B",18-09-2019,"1","0001","99","B103","00016272",,,," ","07","GLP",4.15,0.97,1.14,4.01,0.72,4.73,,,,,,,"LTR",
"B",18-09-2019,"1","0001","99","B103","00016273",,,," ","07","GLP",7.53,0.97,1.14,7.27,1.31,8.58,,,,,,,"LTR",
"B",18-09-2019,"1","0001","99","B103","00016274",,,," ","07","GLP",34.54,0.97,1.14,33.37,6.01,39.38,,,,,,,"LTR",
"B",18-09-2019,"1","0001","99","B103","00016275",,,," ","07","GLP",38.65,0.97,1.14,37.34,6.72,44.06,,,,,,,"LTR",
"B",18-09-2019,"1","0001","99","B103","00016276",,,," ","07","GLP",17.73,0.97,1.14,17.13,3.08,20.21,,,,,,,"LTR",
"B",18-09-2019,"1","0001","99","B103","00016277",,,," ","07","GLP",17.54,0.97,1.14,16.95,3.05,20,,,,,,,"LTR",
"B",18-09-2019,"1","0001","99","B103","00016278",,,," ","07","GLP",10.53,0.97,1.14,10.17,1.83,12,,,,,,,"LTR",
"B",18-09-2019,"1","0001","99","B103","00016279",,,," ","07","GLP",5.44,0.97,1.14,5.25,0.95,6.2,,,,,,,"LTR",
"B",18-09-2019,"1","0001","99","B103","00016280",,,," ","07","GLP",13.16,0.97,1.14,12.71,2.29,15,,,,,,,"LTR",
"B",18-09-2019,"1","0001","99","B103","00016281",,,," ","07","GLP",8.77,0.97,1.14,8.47,1.53,10,,,,,,,"LTR",
"B",18-09-2019,"1","0001","99","B103","00016282",,,," ","07","GLP",17.54,0.97,1.14,16.95,3.05,20,,,,,,,"LTR",
"B",18-09-2019,"1","0001","99","B103","00016283",,,," ","07","GLP",8.31,0.97,1.14,8.03,1.44,9.47,,,,,,,"LTR",
"B",18-09-2019,"1","0001","99","B103","00016284",,,," ","07","GLP",17.54,0.97,1.14,16.95,3.05,20,,,,,,,"LTR",
"B",18-09-2019,"1","0001","99","B103","00016285",,,," ","07","GLP",8.77,0.97,1.14,8.47,1.53,10,,,,,,,"LTR",
"B",18-09-2019,"1","0001","99","B103","00016286",,,," ","07","GLP",29.17,0.97,1.14,28.18,5.07,33.25,,,,,,,"LTR",
"B",18-09-2019,"1","0001","99","B103","00016287",,,," ","07","GLP",4.39,0.97,1.14,4.24,0.76,5,,,,,,,"LTR",
"B",18-09-2019,"1","0001","99","B103","00016288",,,," ","07","GLP",17.54,0.97,1.14,16.95,3.05,20,,,,,,,"LTR",
"B",18-09-2019,"1","0001","99","B103","00016289",,,," ","07","GLP",8.04,0.97,1.14,7.76,1.40,9.16,,,,,,,"LTR",
"B",18-09-2019,"1","0001","99","B103","00016290",,,," ","07","GLP",13.16,0.97,1.14,12.71,2.29,15,,,,,,,"LTR",
"B",18-09-2019,"1","0001","99","B103","00016291",,,," ","07","GLP",37.19,0.97,1.14,35.93,6.47,42.4,,,,,,,"LTR",
"B",18-09-2019,"1","0001","99","B103","00016292",,,," ","07","GLP",17.54,0.97,1.14,16.95,3.05,20,,,,,,,"LTR",
"B",18-09-2019,"1","0001","99","B103","00016293",,,," ","07","GLP",7.02,0.97,1.14,6.78,1.22,8,,,,,,,"LTR",
"B",18-09-2019,"1","0001","99","B103","00016294",,,," ","07","GLP",4.39,0.97,1.14,4.24,0.76,5,,,,,,,"LTR",
"B",18-09-2019,"1","0001","99","B103","00016295",,,," ","07","GLP",17.54,0.97,1.14,16.95,3.05,20,,,,,,,"LTR",
"B",18-09-2019,"1","0001","99","B103","00016296",,,," ","07","GLP",9.65,0.97,1.14,9.32,1.68,11,,,,,,,"LTR",
"B",18-09-2019,"1","0001","99","B103","00016297",,,," ","07","GLP",8.77,0.97,1.14,8.47,1.53,10,,,,,,,"LTR",
"B",18-09-2019,"1","0001","99","B103","00016298",,,," ","07","GLP",8.77,0.97,1.14,8.47,1.53,10,,,,,,,"LTR",
"B",18-09-2019,"1","0001","99","B103","00016299",,,," ","07","GLP",8.73,0.97,1.14,8.43,1.52,9.95,,,,,,,"LTR",
"B",18-09-2019,"1","0001","99","B103","00016300",,,," ","07","GLP",26.21,0.97,1.14,25.32,4.56,29.88,,,,,,,"LTR",
"B",18-09-2019,"1","0001","99","B103","00016301",,,," ","07","GLP",8.77,0.97,1.14,8.47,1.53,10,,,,,,,"LTR",
"B",18-09-2019,"1","0001","99","B103","00016302",,,," ","07","GLP",22.54,0.97,1.14,21.77,3.92,25.69,,,,,,,"LTR",
"B",18-09-2019,"1","0001","99","B103","00016303",,,," ","07","GLP",8.77,0.97,1.14,8.47,1.53,10,,,,,,,"LTR",
"B",18-09-2019,"1","0001","99","B103","00016304",,,," ","07","GLP",25.5,0.97,1.14,24.64,4.43,29.07,,,,,,,"LTR",
"B",18-09-2019,"1","0001","99","B103","00016305",,,," ","07","GLP",21.29,0.97,1.14,20.57,3.70,24.27,,,,,,,"LTR",
"B",18-09-2019,"1","0001","99","B103","00016306",,,," ","07","GLP",17.54,0.97,1.14,16.95,3.05,20,,,,,,,"LTR",
